udi,issuing_agency,di,lot,serial
(01)MC498521648693(17)271231(10)L71552(21)S529248,ICCBBA,MC498521648693,L71552,S529248
(01)EX393833927271(17)271231(10)L12162(21)S006315,HIBCC,EX393833927271,L12162,S006315
(01)XW174640296967(17)271231(10)L30543(21)S270931,ICCBBA,XW174640296967,L30543,S270931
(01)NE231389951298(17)271231(10)L48678(21)S956701,ICCBBA,NE231389951298,L48678,S956701
(01)KN242568206408(17)271231(10)L19241(21)S327488,HIBCC,KN242568206408,L19241,S327488
(01)HI373978814194(17)271231(10)L81024(21)S743239,HIBCC,HI373978814194,L81024,S743239
(01)XN746287642299(17)271231(10)L47632(21)S995205,HIBCC,XN746287642299,L47632,S995205
(01)NI057132669643(17)271231(10)L80345(21)S387760,ICCBBA,NI057132669643,L80345,S387760
(01)ED067788883672(17)271231(10)L34003(21)S430231,ICCBBA,ED067788883672,L34003,S430231
(01)QW262263368258(17)271231(10)L00881(21)S003360,GS1,QW262263368258,L00881,S003360
(01)JX571040138231(17)271231(10)L43924(21)S548737,GS1,JX571040138231,L43924,S548737
(01)WE472087765339(17)271231(10)L28160(21)S073073,ICCBBA,WE472087765339,L28160,S073073
(01)YC880359544505(17)271231(10)L03042(21)S859733,HIBCC,YC880359544505,L03042,S859733
(01)LK821412189332(17)271231(10)L52683(21)S709406,GS1,LK821412189332,L52683,S709406
(01)ND089023193746(17)271231(10)L03407(21)S078666,HIBCC,ND089023193746,L03407,S078666
(01)CC689456951345(17)271231(10)L49605(21)S954162,ICCBBA,CC689456951345,L49605,S954162
(01)QA761117554041(17)271231(10)L32399(21)S125635,HIBCC,QA761117554041,L32399,S125635
(01)RA432911723805(17)271231(10)L16551(21)S635071,GS1,RA432911723805,L16551,S635071
(01)MX682320981037(17)271231(10)L97073(21)S438513,GS1,MX682320981037,L97073,S438513
(01)BQ051341618904(17)271231(10)L78822(21)S730359,HIBCC,BQ051341618904,L78822,S730359
(01)SS199993431593(17)271231(10)L34340(21)S278385,GS1,SS199993431593,L34340,S278385
(01)CE366718845397(17)271231(10)L53416(21)S655522,GS1,CE366718845397,L53416,S655522
(01)WM924022106680(17)271231(10)L84843(21)S308481,GS1,WM924022106680,L84843,S308481
(01)CL605899269025(17)271231(10)L82671(21)S475520,GS1,CL605899269025,L82671,S475520
(01)SZ469548646928(17)271231(10)L43281(21)S640475,HIBCC,SZ469548646928,L43281,S640475
(01)DT276141597096(17)271231(10)L32683(21)S221207,HIBCC,DT276141597096,L32683,S221207
(01)FS777040543798(17)271231(10)L88635(21)S962620,HIBCC,FS777040543798,L88635,S962620
(01)JS691732554929(17)271231(10)L65948(21)S526188,ICCBBA,JS691732554929,L65948,S526188
(01)OT811496486284(17)271231(10)L08852(21)S351569,ICCBBA,OT811496486284,L08852,S351569
(01)IB300265237446(17)271231(10)L84437(21)S987319,ICCBBA,IB300265237446,L84437,S987319
(01)RU158172491178(17)271231(10)L54590(21)S780112,ICCBBA,RU158172491178,L54590,S780112
(01)SI031207181133(17)271231(10)L84347(21)S462403,HIBCC,SI031207181133,L84347,S462403
(01)AP506481038575(17)271231(10)L92336(21)S472107,GS1,AP506481038575,L92336,S472107
(01)PK300779101935(17)271231(10)L92588(21)S677464,GS1,PK300779101935,L92588,S677464
(01)LZ453485726467(17)271231(10)L91033(21)S990684,ICCBBA,LZ453485726467,L91033,S990684
(01)HC520101860228(17)271231(10)L03671(21)S542813,GS1,HC520101860228,L03671,S542813
(01)KN761132372793(17)271231(10)L48642(21)S681286,ICCBBA,KN761132372793,L48642,S681286
(01)HU651568340911(17)271231(10)L51758(21)S547291,HIBCC,HU651568340911,L51758,S547291
(01)WW293487061573(17)271231(10)L21560(21)S770005,GS1,WW293487061573,L21560,S770005
(01)DJ775156144987(17)271231(10)L91146(21)S883240,GS1,DJ775156144987,L91146,S883240
(01)AN102995706353(17)271231(10)L70008(21)S799512,ICCBBA,AN102995706353,L70008,S799512
(01)RT519905792151(17)271231(10)L53961(21)S395999,ICCBBA,RT519905792151,L53961,S395999
(01)PZ737406084057(17)271231(10)L04542(21)S858188,ICCBBA,PZ737406084057,L04542,S858188
(01)IL750168788120(17)271231(10)L26044(21)S762603,HIBCC,IL750168788120,L26044,S762603
(01)YK369744099524(17)271231(10)L92564(21)S944404,HIBCC,YK369744099524,L92564,S944404
(01)KH415922154496(17)271231(10)L93966(21)S562665,HIBCC,KH415922154496,L93966,S562665
(01)BN503403266189(17)271231(10)L86242(21)S967923,ICCBBA,BN503403266189,L86242,S967923
(01)RR614348439492(17)271231(10)L96391(21)S233751,GS1,RR614348439492,L96391,S233751
(01)KT693744387467(17)271231(10)L32631(21)S029124,GS1,KT693744387467,L32631,S029124
(01)GK052727394984(17)271231(10)L02202(21)S090012,HIBCC,GK052727394984,L02202,S090012
(01)HT123553204852(17)271231(10)L22348(21)S271642,GS1,HT123553204852,L22348,S271642
(01)BL980551970950(17)271231(10)L00677(21)S218649,GS1,BL980551970950,L00677,S218649
(01)MU751117934831(17)271231(10)L93846(21)S942489,GS1,MU751117934831,L93846,S942489
(01)WW047702192331(17)271231(10)L79822(21)S260752,HIBCC,WW047702192331,L79822,S260752
(01)SS783122299166(17)271231(10)L89028(21)S850906,HIBCC,SS783122299166,L89028,S850906
(01)MF878482899114(17)271231(10)L13606(21)S135538,HIBCC,MF878482899114,L13606,S135538
(01)IT918569119360(17)271231(10)L82259(21)S475627,ICCBBA,IT918569119360,L82259,S475627
(01)RS620941100114(17)271231(10)L42857(21)S761063,GS1,RS620941100114,L42857,S761063
(01)CY259467174471(17)271231(10)L77811(21)S895299,GS1,CY259467174471,L77811,S895299
(01)YN600337578716(17)271231(10)L44759(21)S920280,HIBCC,YN600337578716,L44759,S920280
(01)GO095184020929(17)271231(10)L92460(21)S191031,HIBCC,GO095184020929,L92460,S191031
(01)IU845016805505(17)271231(10)L34103(21)S987211,GS1,IU845016805505,L34103,S987211
(01)OL687383095316(17)271231(10)L75376(21)S364251,HIBCC,OL687383095316,L75376,S364251
(01)QX958753384797(17)271231(10)L26192(21)S254882,HIBCC,QX958753384797,L26192,S254882
(01)WL667816463416(17)271231(10)L97401(21)S293304,GS1,WL667816463416,L97401,S293304
(01)FY978082412618(17)271231(10)L60713(21)S649718,ICCBBA,FY978082412618,L60713,S649718
(01)HD041974222714(17)271231(10)L41414(21)S069322,GS1,HD041974222714,L41414,S069322
(01)TN101838000984(17)271231(10)L47476(21)S150210,ICCBBA,TN101838000984,L47476,S150210
(01)GH298077431128(17)271231(10)L11394(21)S232692,HIBCC,GH298077431128,L11394,S232692
(01)OA430079520472(17)271231(10)L11934(21)S642124,HIBCC,OA430079520472,L11934,S642124
(01)AB004715480480(17)271231(10)L86157(21)S127669,HIBCC,AB004715480480,L86157,S127669
(01)TQ206505569000(17)271231(10)L68764(21)S442272,GS1,TQ206505569000,L68764,S442272
(01)WL387984718193(17)271231(10)L77686(21)S840309,HIBCC,WL387984718193,L77686,S840309
(01)YF593145920092(17)271231(10)L80285(21)S943574,GS1,YF593145920092,L80285,S943574
(01)DO398048330411(17)271231(10)L81065(21)S825408,ICCBBA,DO398048330411,L81065,S825408
(01)PT137152327780(17)271231(10)L47755(21)S869537,GS1,PT137152327780,L47755,S869537
(01)HN346420424229(17)271231(10)L69450(21)S217229,ICCBBA,HN346420424229,L69450,S217229
(01)RD404956529723(17)271231(10)L97973(21)S348454,HIBCC,RD404956529723,L97973,S348454
(01)CI901160373837(17)271231(10)L41027(21)S384876,HIBCC,CI901160373837,L41027,S384876
(01)FE269553179921(17)271231(10)L95702(21)S443847,ICCBBA,FE269553179921,L95702,S443847
(01)YT041501044092(17)271231(10)L14089(21)S983184,HIBCC,YT041501044092,L14089,S983184
(01)YV756141349585(17)271231(10)L90214(21)S275173,HIBCC,YV756141349585,L90214,S275173
(01)MP769188893046(17)271231(10)L11132(21)S724461,HIBCC,MP769188893046,L11132,S724461
(01)LO351373118414(17)271231(10)L28952(21)S947657,GS1,LO351373118414,L28952,S947657
(01)AP856686460997(17)271231(10)L26007(21)S592286,GS1,AP856686460997,L26007,S592286
(01)OD452939559660(17)271231(10)L48773(21)S702594,HIBCC,OD452939559660,L48773,S702594
(01)PQ686255038525(17)271231(10)L93056(21)S391174,GS1,PQ686255038525,L93056,S391174
(01)XI685542047751(17)271231(10)L60802(21)S345130,ICCBBA,XI685542047751,L60802,S345130
(01)JZ767057657964(17)271231(10)L91085(21)S226563,HIBCC,JZ767057657964,L91085,S226563
(01)PI537046028305(17)271231(10)L66363(21)S981733,ICCBBA,PI537046028305,L66363,S981733
(01)KB244540316489(17)271231(10)L39909(21)S765904,ICCBBA,KB244540316489,L39909,S765904
(01)PY208054042149(17)271231(10)L16497(21)S717481,ICCBBA,PY208054042149,L16497,S717481
(01)AL944795587161(17)271231(10)L06176(21)S517016,ICCBBA,AL944795587161,L06176,S517016
(01)EX874646384130(17)271231(10)L38438(21)S698402,HIBCC,EX874646384130,L38438,S698402
(01)UX713097071346(17)271231(10)L03287(21)S718684,GS1,UX713097071346,L03287,S718684
(01)DZ764067575901(17)271231(10)L52356(21)S474266,ICCBBA,DZ764067575901,L52356,S474266
(01)QZ843415631882(17)271231(10)L62271(21)S992755,ICCBBA,QZ843415631882,L62271,S992755
(01)CD987761267108(17)271231(10)L38505(21)S080336,ICCBBA,CD987761267108,L38505,S080336
(01)PA973972379343(17)271231(10)L84910(21)S924376,ICCBBA,PA973972379343,L84910,S924376
(01)JS368139830135(17)271231(10)L83434(21)S827061,ICCBBA,JS368139830135,L83434,S827061
(01)PL792555261569(17)271231(10)L74555(21)S989136,HIBCC,PL792555261569,L74555,S989136
(01)NB754601494856(17)271231(10)L65594(21)S493101,HIBCC,NB754601494856,L65594,S493101
(01)FL649235690993(17)271231(10)L59815(21)S499603,ICCBBA,FL649235690993,L59815,S499603
(01)LX756770087100(17)271231(10)L84392(21)S668783,GS1,LX756770087100,L84392,S668783
(01)MJ995766651975(17)271231(10)L95813(21)S867806,ICCBBA,MJ995766651975,L95813,S867806
(01)YG050824812309(17)271231(10)L26567(21)S113691,HIBCC,YG050824812309,L26567,S113691
(01)LV702006628987(17)271231(10)L00172(21)S339901,GS1,LV702006628987,L00172,S339901
(01)SI429929772302(17)271231(10)L15283(21)S959934,HIBCC,SI429929772302,L15283,S959934
(01)MR140474615776(17)271231(10)L91419(21)S530928,ICCBBA,MR140474615776,L91419,S530928
(01)UI887860057071(17)271231(10)L82133(21)S406141,ICCBBA,UI887860057071,L82133,S406141
(01)XH373059205793(17)271231(10)L37301(21)S880772,GS1,XH373059205793,L37301,S880772
(01)FH611481570252(17)271231(10)L26824(21)S289887,ICCBBA,FH611481570252,L26824,S289887
(01)GS983481405450(17)271231(10)L51460(21)S286209,GS1,GS983481405450,L51460,S286209
(01)NM859707826400(17)271231(10)L08770(21)S334725,HIBCC,NM859707826400,L08770,S334725
(01)VL990475356482(17)271231(10)L46580(21)S425669,HIBCC,VL990475356482,L46580,S425669
(01)MK108314353503(17)271231(10)L63360(21)S154188,ICCBBA,MK108314353503,L63360,S154188
(01)TJ392998162118(17)271231(10)L01802(21)S068565,HIBCC,TJ392998162118,L01802,S068565
(01)ZB098667801019(17)271231(10)L93837(21)S552390,ICCBBA,ZB098667801019,L93837,S552390
(01)MY987074643408(17)271231(10)L26957(21)S280412,GS1,MY987074643408,L26957,S280412
(01)GE594689850378(17)271231(10)L34203(21)S699773,ICCBBA,GE594689850378,L34203,S699773
(01)KR725640621090(17)271231(10)L94977(21)S955908,HIBCC,KR725640621090,L94977,S955908
(01)VR010919804962(17)271231(10)L65334(21)S574125,ICCBBA,VR010919804962,L65334,S574125
(01)UK155420469783(17)271231(10)L76903(21)S653246,ICCBBA,UK155420469783,L76903,S653246
(01)EE666145171386(17)271231(10)L97583(21)S967377,HIBCC,EE666145171386,L97583,S967377
(01)KS241345358829(17)271231(10)L74116(21)S917418,ICCBBA,KS241345358829,L74116,S917418
(01)WC160527672783(17)271231(10)L59816(21)S829363,GS1,WC160527672783,L59816,S829363
(01)XL165890072015(17)271231(10)L07174(21)S367106,GS1,XL165890072015,L07174,S367106
(01)MN176072148817(17)271231(10)L05630(21)S309212,ICCBBA,MN176072148817,L05630,S309212
(01)YT339544300097(17)271231(10)L06354(21)S508521,HIBCC,YT339544300097,L06354,S508521
(01)VP772749785550(17)271231(10)L61174(21)S056942,HIBCC,VP772749785550,L61174,S056942
(01)NJ566953991129(17)271231(10)L46758(21)S948304,HIBCC,NJ566953991129,L46758,S948304
(01)YR660074278814(17)271231(10)L36573(21)S592416,HIBCC,YR660074278814,L36573,S592416
(01)YK464363129045(17)271231(10)L79960(21)S277846,ICCBBA,YK464363129045,L79960,S277846
(01)IS896102264435(17)271231(10)L59679(21)S162278,HIBCC,IS896102264435,L59679,S162278
(01)BS228097765977(17)271231(10)L40200(21)S622744,HIBCC,BS228097765977,L40200,S622744
(01)JX668842602745(17)271231(10)L52768(21)S948526,ICCBBA,JX668842602745,L52768,S948526
(01)SI624198009169(17)271231(10)L71275(21)S410194,ICCBBA,SI624198009169,L71275,S410194
(01)TH511700811243(17)271231(10)L57216(21)S027076,ICCBBA,TH511700811243,L57216,S027076
(01)XN642106666906(17)271231(10)L13151(21)S204229,GS1,XN642106666906,L13151,S204229
(01)SO596606054701(17)271231(10)L94070(21)S376914,GS1,SO596606054701,L94070,S376914
(01)KH680725302514(17)271231(10)L32622(21)S689711,HIBCC,KH680725302514,L32622,S689711
(01)RV120722907356(17)271231(10)L28920(21)S636123,HIBCC,RV120722907356,L28920,S636123
(01)YP320963091658(17)271231(10)L19039(21)S370707,ICCBBA,YP320963091658,L19039,S370707
(01)IA418617321666(17)271231(10)L88811(21)S062311,HIBCC,IA418617321666,L88811,S062311
(01)DR687213627075(17)271231(10)L86060(21)S703317,ICCBBA,DR687213627075,L86060,S703317
(01)WF047799219383(17)271231(10)L60344(21)S525323,HIBCC,WF047799219383,L60344,S525323
(01)OJ702420737033(17)271231(10)L49008(21)S295738,HIBCC,OJ702420737033,L49008,S295738
(01)WN835120922579(17)271231(10)L07450(21)S476878,ICCBBA,WN835120922579,L07450,S476878
(01)FW530373034127(17)271231(10)L84334(21)S361418,ICCBBA,FW530373034127,L84334,S361418
(01)ZE655976815042(17)271231(10)L84618(21)S515983,GS1,ZE655976815042,L84618,S515983
(01)HE599318168680(17)271231(10)L76451(21)S427066,HIBCC,HE599318168680,L76451,S427066
(01)MO045556718435(17)271231(10)L76227(21)S651413,HIBCC,MO045556718435,L76227,S651413
(01)UQ901507846797(17)271231(10)L05665(21)S737860,ICCBBA,UQ901507846797,L05665,S737860
(01)OF941929495883(17)271231(10)L78334(21)S063213,ICCBBA,OF941929495883,L78334,S063213
(01)PC966836181273(17)271231(10)L14029(21)S255795,HIBCC,PC966836181273,L14029,S255795
(01)JL653116614453(17)271231(10)L13827(21)S172819,ICCBBA,JL653116614453,L13827,S172819
(01)DK386749556433(17)271231(10)L30456(21)S368124,HIBCC,DK386749556433,L30456,S368124
(01)VS460635207100(17)271231(10)L49561(21)S383457,GS1,VS460635207100,L49561,S383457
(01)SA454787174974(17)271231(10)L38207(21)S024599,GS1,SA454787174974,L38207,S024599
(01)TQ353494740907(17)271231(10)L61739(21)S224405,GS1,TQ353494740907,L61739,S224405
(01)FD296003591528(17)271231(10)L85533(21)S382209,ICCBBA,FD296003591528,L85533,S382209
(01)QC102323946991(17)271231(10)L43234(21)S540313,HIBCC,QC102323946991,L43234,S540313
(01)YK042701611949(17)271231(10)L23924(21)S408367,ICCBBA,YK042701611949,L23924,S408367
(01)OI409337923761(17)271231(10)L74867(21)S374512,HIBCC,OI409337923761,L74867,S374512
(01)QG022829481639(17)271231(10)L15039(21)S270698,ICCBBA,QG022829481639,L15039,S270698
(01)PF581108784050(17)271231(10)L47349(21)S359239,HIBCC,PF581108784050,L47349,S359239
(01)PH629973825241(17)271231(10)L80430(21)S117313,ICCBBA,PH629973825241,L80430,S117313
(01)OS320588578403(17)271231(10)L68987(21)S596925,GS1,OS320588578403,L68987,S596925
(01)VZ288649301938(17)271231(10)L90133(21)S959263,HIBCC,VZ288649301938,L90133,S959263
(01)EO855843352536(17)271231(10)L00082(21)S058929,GS1,EO855843352536,L00082,S058929
(01)QD239224358321(17)271231(10)L63294(21)S645105,ICCBBA,QD239224358321,L63294,S645105
(01)BQ230206725149(17)271231(10)L66277(21)S541125,GS1,BQ230206725149,L66277,S541125
(01)NX923505925185(17)271231(10)L13426(21)S789270,ICCBBA,NX923505925185,L13426,S789270
(01)WH161609974171(17)271231(10)L94611(21)S297479,HIBCC,WH161609974171,L94611,S297479
(01)KP978155194718(17)271231(10)L73855(21)S536379,HIBCC,KP978155194718,L73855,S536379
(01)YT527191970423(17)271231(10)L58990(21)S328455,ICCBBA,YT527191970423,L58990,S328455
(01)MQ550534749869(17)271231(10)L41154(21)S794477,HIBCC,MQ550534749869,L41154,S794477
(01)NX161027005011(17)271231(10)L48980(21)S804791,GS1,NX161027005011,L48980,S804791
(01)JC430403366822(17)271231(10)L54784(21)S269106,HIBCC,JC430403366822,L54784,S269106
(01)FV028706036932(17)271231(10)L32482(21)S179340,ICCBBA,FV028706036932,L32482,S179340
(01)IB237572649054(17)271231(10)L50746(21)S740252,HIBCC,IB237572649054,L50746,S740252
(01)ZX555261365547(17)271231(10)L82552(21)S245394,ICCBBA,ZX555261365547,L82552,S245394
(01)LY936224437288(17)271231(10)L41213(21)S057322,ICCBBA,LY936224437288,L41213,S057322
(01)HT122658620002(17)271231(10)L72075(21)S528329,GS1,HT122658620002,L72075,S528329
(01)PD582212035858(17)271231(10)L23713(21)S487451,HIBCC,PD582212035858,L23713,S487451
(01)SO582648829630(17)271231(10)L62148(21)S141905,ICCBBA,SO582648829630,L62148,S141905
(01)EO520562985707(17)271231(10)L28692(21)S507024,HIBCC,EO520562985707,L28692,S507024
(01)VG198001158065(17)271231(10)L52660(21)S921335,HIBCC,VG198001158065,L52660,S921335
(01)ZJ512801200376(17)271231(10)L20872(21)S321262,HIBCC,ZJ512801200376,L20872,S321262
(01)VH495311587073(17)271231(10)L73292(21)S250807,ICCBBA,VH495311587073,L73292,S250807
(01)FZ663900004363(17)271231(10)L51461(21)S503386,HIBCC,FZ663900004363,L51461,S503386
(01)OI530731940423(17)271231(10)L83947(21)S388713,ICCBBA,OI530731940423,L83947,S388713
(01)LN218552747357(17)271231(10)L58423(21)S376079,ICCBBA,LN218552747357,L58423,S376079
(01)ER817840141382(17)271231(10)L45008(21)S693016,GS1,ER817840141382,L45008,S693016
(01)RY012251037934(17)271231(10)L78897(21)S806732,GS1,RY012251037934,L78897,S806732
(01)JQ242275018667(17)271231(10)L55063(21)S190921,GS1,JQ242275018667,L55063,S190921
(01)WN191129753276(17)271231(10)L73607(21)S105826,HIBCC,WN191129753276,L73607,S105826
(01)TI780350882369(17)271231(10)L37178(21)S185242,GS1,TI780350882369,L37178,S185242
(01)MB279194473616(17)271231(10)L20362(21)S063704,HIBCC,MB279194473616,L20362,S063704
(01)MW822553522896(17)271231(10)L10223(21)S602764,GS1,MW822553522896,L10223,S602764
(01)UB246682119724(17)271231(10)L23577(21)S884378,GS1,UB246682119724,L23577,S884378
(01)GZ249735418347(17)271231(10)L83874(21)S322224,HIBCC,GZ249735418347,L83874,S322224
(01)AX995466678832(17)271231(10)L51744(21)S767537,ICCBBA,AX995466678832,L51744,S767537
(01)NG279550914737(17)271231(10)L61571(21)S117279,HIBCC,NG279550914737,L61571,S117279
(01)OE793496443422(17)271231(10)L56558(21)S029270,ICCBBA,OE793496443422,L56558,S029270
(01)QY726872935387(17)271231(10)L63434(21)S368991,HIBCC,QY726872935387,L63434,S368991
(01)NK246523847783(17)271231(10)L93500(21)S412991,HIBCC,NK246523847783,L93500,S412991
(01)JV684748920494(17)271231(10)L34444(21)S906788,GS1,JV684748920494,L34444,S906788
(01)UT007638033195(17)271231(10)L44965(21)S085125,HIBCC,UT007638033195,L44965,S085125
(01)SI389294532777(17)271231(10)L71001(21)S070559,ICCBBA,SI389294532777,L71001,S070559
(01)CI773976031560(17)271231(10)L01347(21)S757343,ICCBBA,CI773976031560,L01347,S757343
(01)DD036078773555(17)271231(10)L73941(21)S485671,ICCBBA,DD036078773555,L73941,S485671
(01)SV435776165433(17)271231(10)L86919(21)S095611,HIBCC,SV435776165433,L86919,S095611
(01)IF840475787406(17)271231(10)L30263(21)S362216,HIBCC,IF840475787406,L30263,S362216
(01)PL861950206488(17)271231(10)L82112(21)S318113,ICCBBA,PL861950206488,L82112,S318113
(01)TU947696591292(17)271231(10)L98188(21)S680546,HIBCC,TU947696591292,L98188,S680546
(01)LB222764013597(17)271231(10)L31115(21)S526698,HIBCC,LB222764013597,L31115,S526698
(01)MX072634086524(17)271231(10)L99780(21)S182929,HIBCC,MX072634086524,L99780,S182929
(01)ST075564725882(17)271231(10)L54859(21)S664153,ICCBBA,ST075564725882,L54859,S664153
(01)SW481422644194(17)271231(10)L02611(21)S713099,HIBCC,SW481422644194,L02611,S713099
(01)KR928170925276(17)271231(10)L17404(21)S404108,GS1,KR928170925276,L17404,S404108
(01)XW095333319438(17)271231(10)L23469(21)S742497,HIBCC,XW095333319438,L23469,S742497
(01)HA579026157898(17)271231(10)L74093(21)S529003,ICCBBA,HA579026157898,L74093,S529003
(01)XP986142612989(17)271231(10)L14483(21)S654020,ICCBBA,XP986142612989,L14483,S654020
(01)PJ836537086573(17)271231(10)L09162(21)S565989,HIBCC,PJ836537086573,L09162,S565989
(01)TH927252204879(17)271231(10)L13934(21)S704074,GS1,TH927252204879,L13934,S704074
(01)ZJ979813472149(17)271231(10)L35599(21)S015307,GS1,ZJ979813472149,L35599,S015307
(01)XN934435471462(17)271231(10)L93986(21)S917394,HIBCC,XN934435471462,L93986,S917394
(01)WA635883171703(17)271231(10)L79601(21)S953210,ICCBBA,WA635883171703,L79601,S953210
(01)JC717839248554(17)271231(10)L51069(21)S148818,ICCBBA,JC717839248554,L51069,S148818
(01)SL677812251103(17)271231(10)L84052(21)S402050,ICCBBA,SL677812251103,L84052,S402050
(01)SV091675538263(17)271231(10)L57545(21)S097552,ICCBBA,SV091675538263,L57545,S097552
(01)ZT686269025545(17)271231(10)L31765(21)S113568,GS1,ZT686269025545,L31765,S113568
(01)OO013599673537(17)271231(10)L06086(21)S427815,HIBCC,OO013599673537,L06086,S427815
(01)HU557161522271(17)271231(10)L05903(21)S581376,ICCBBA,HU557161522271,L05903,S581376
(01)XB880354127084(17)271231(10)L08210(21)S402015,ICCBBA,XB880354127084,L08210,S402015
(01)EC707604860934(17)271231(10)L01588(21)S717041,ICCBBA,EC707604860934,L01588,S717041
(01)XO516757528367(17)271231(10)L31084(21)S849251,HIBCC,XO516757528367,L31084,S849251
(01)MU206598218233(17)271231(10)L81747(21)S018804,GS1,MU206598218233,L81747,S018804
(01)FH712235183098(17)271231(10)L36435(21)S277982,GS1,FH712235183098,L36435,S277982
(01)AC850623698180(17)271231(10)L74841(21)S281727,ICCBBA,AC850623698180,L74841,S281727
(01)PV310591871953(17)271231(10)L68392(21)S535010,HIBCC,PV310591871953,L68392,S535010
(01)AZ367806089082(17)271231(10)L34529(21)S556419,GS1,AZ367806089082,L34529,S556419
(01)EH948928593600(17)271231(10)L75614(21)S490976,HIBCC,EH948928593600,L75614,S490976
(01)XP584483761226(17)271231(10)L30231(21)S488509,HIBCC,XP584483761226,L30231,S488509
(01)CS858604398582(17)271231(10)L06126(21)S242568,HIBCC,CS858604398582,L06126,S242568
(01)CK674558302190(17)271231(10)L61955(21)S545744,ICCBBA,CK674558302190,L61955,S545744
(01)RW596525405422(17)271231(10)L60324(21)S268059,HIBCC,RW596525405422,L60324,S268059
(01)GN989221279028(17)271231(10)L22374(21)S260374,HIBCC,GN989221279028,L22374,S260374
(01)XM394429368384(17)271231(10)L02383(21)S918331,GS1,XM394429368384,L02383,S918331
(01)JJ349227513734(17)271231(10)L35846(21)S690504,GS1,JJ349227513734,L35846,S690504
(01)NN285282345949(17)271231(10)L65986(21)S248323,GS1,NN285282345949,L65986,S248323
(01)UC700203930321(17)271231(10)L38093(21)S220828,GS1,UC700203930321,L38093,S220828
(01)DK791174130771(17)271231(10)L80720(21)S566982,HIBCC,DK791174130771,L80720,S566982
(01)EW157718144238(17)271231(10)L62025(21)S835061,HIBCC,EW157718144238,L62025,S835061
(01)GY771717306628(17)271231(10)L16281(21)S075756,GS1,GY771717306628,L16281,S075756
(01)LE327724881561(17)271231(10)L24754(21)S550144,HIBCC,LE327724881561,L24754,S550144
(01)ZB534689134239(17)271231(10)L46537(21)S445026,ICCBBA,ZB534689134239,L46537,S445026
(01)WD461331704858(17)271231(10)L20290(21)S092351,GS1,WD461331704858,L20290,S092351
(01)RM752387246849(17)271231(10)L85517(21)S379042,GS1,RM752387246849,L85517,S379042
(01)ZL991799729887(17)271231(10)L87550(21)S285933,ICCBBA,ZL991799729887,L87550,S285933
(01)BN078088534313(17)271231(10)L39195(21)S416950,HIBCC,BN078088534313,L39195,S416950
(01)PZ286375477368(17)271231(10)L58156(21)S123814,HIBCC,PZ286375477368,L58156,S123814
(01)DZ206203174679(17)271231(10)L97812(21)S205124,ICCBBA,DZ206203174679,L97812,S205124
(01)BY774481984239(17)271231(10)L22587(21)S884753,ICCBBA,BY774481984239,L22587,S884753
(01)RE015882629931(17)271231(10)L17439(21)S837713,HIBCC,RE015882629931,L17439,S837713
(01)WN751148244556(17)271231(10)L06040(21)S510929,HIBCC,WN751148244556,L06040,S510929
(01)FW211891769242(17)271231(10)L79496(21)S539582,ICCBBA,FW211891769242,L79496,S539582
(01)QI171491189843(17)271231(10)L39323(21)S878263,ICCBBA,QI171491189843,L39323,S878263
(01)WI144287671067(17)271231(10)L70361(21)S446973,GS1,WI144287671067,L70361,S446973
(01)FZ989693280347(17)271231(10)L48588(21)S146802,HIBCC,FZ989693280347,L48588,S146802
(01)US403167734337(17)271231(10)L34220(21)S407156,ICCBBA,US403167734337,L34220,S407156
(01)IN117815005768(17)271231(10)L61308(21)S359979,HIBCC,IN117815005768,L61308,S359979
(01)SZ381598952102(17)271231(10)L55967(21)S905863,HIBCC,SZ381598952102,L55967,S905863
(01)FV294482021755(17)271231(10)L14574(21)S829173,GS1,FV294482021755,L14574,S829173
(01)YS747971279429(17)271231(10)L86531(21)S870004,GS1,YS747971279429,L86531,S870004
(01)KE492046469293(17)271231(10)L04325(21)S442849,GS1,KE492046469293,L04325,S442849
(01)UA552436183928(17)271231(10)L96277(21)S924165,ICCBBA,UA552436183928,L96277,S924165
(01)UX449454857246(17)271231(10)L37797(21)S894273,ICCBBA,UX449454857246,L37797,S894273
(01)CR139984500243(17)271231(10)L58774(21)S577006,HIBCC,CR139984500243,L58774,S577006
(01)DC896227336313(17)271231(10)L82357(21)S682827,HIBCC,DC896227336313,L82357,S682827
(01)EF857466738542(17)271231(10)L57895(21)S518641,HIBCC,EF857466738542,L57895,S518641
(01)OM709652191009(17)271231(10)L99590(21)S263774,GS1,OM709652191009,L99590,S263774
(01)NO523344311173(17)271231(10)L03352(21)S928215,ICCBBA,NO523344311173,L03352,S928215
(01)XV374026994253(17)271231(10)L02994(21)S016820,ICCBBA,XV374026994253,L02994,S016820
(01)OU409406187703(17)271231(10)L95242(21)S327513,GS1,OU409406187703,L95242,S327513
(01)NP412348804692(17)271231(10)L93704(21)S453216,ICCBBA,NP412348804692,L93704,S453216
(01)CY464190043923(17)271231(10)L41842(21)S683449,GS1,CY464190043923,L41842,S683449
(01)XF330728330784(17)271231(10)L78254(21)S842218,GS1,XF330728330784,L78254,S842218
(01)CW174344381381(17)271231(10)L47668(21)S044251,ICCBBA,CW174344381381,L47668,S044251
(01)ZE533286865177(17)271231(10)L79079(21)S463931,GS1,ZE533286865177,L79079,S463931
(01)MZ289668075023(17)271231(10)L05997(21)S045938,HIBCC,MZ289668075023,L05997,S045938
(01)FV435225295738(17)271231(10)L05797(21)S748527,GS1,FV435225295738,L05797,S748527
(01)IK979050096192(17)271231(10)L82711(21)S997003,ICCBBA,IK979050096192,L82711,S997003
(01)EA319287864264(17)271231(10)L92524(21)S051255,ICCBBA,EA319287864264,L92524,S051255
(01)NU632765145012(17)271231(10)L02489(21)S533621,HIBCC,NU632765145012,L02489,S533621
(01)HQ993413835683(17)271231(10)L27285(21)S580826,ICCBBA,HQ993413835683,L27285,S580826
(01)YT594423784933(17)271231(10)L50236(21)S033727,HIBCC,YT594423784933,L50236,S033727
(01)EM482828545958(17)271231(10)L41243(21)S895952,HIBCC,EM482828545958,L41243,S895952
(01)IV795570214003(17)271231(10)L45414(21)S861038,GS1,IV795570214003,L45414,S861038
(01)FH129850799336(17)271231(10)L30295(21)S131546,GS1,FH129850799336,L30295,S131546
(01)OB883204044716(17)271231(10)L91565(21)S662349,GS1,OB883204044716,L91565,S662349
(01)FG516783972070(17)271231(10)L12578(21)S667831,GS1,FG516783972070,L12578,S667831
(01)LP964166775773(17)271231(10)L41451(21)S489539,GS1,LP964166775773,L41451,S489539
(01)VT429755560715(17)271231(10)L49835(21)S083834,ICCBBA,VT429755560715,L49835,S083834
(01)MP502011711862(17)271231(10)L16216(21)S523986,ICCBBA,MP502011711862,L16216,S523986
(01)UL678726063915(17)271231(10)L25027(21)S113403,GS1,UL678726063915,L25027,S113403
(01)QX979034233610(17)271231(10)L79356(21)S887347,HIBCC,QX979034233610,L79356,S887347
(01)RF338333038516(17)271231(10)L31730(21)S073160,GS1,RF338333038516,L31730,S073160
(01)FF213490997826(17)271231(10)L77390(21)S222001,GS1,FF213490997826,L77390,S222001
(01)ZI579341369139(17)271231(10)L77524(21)S367522,HIBCC,ZI579341369139,L77524,S367522
(01)KY618693414562(17)271231(10)L78429(21)S293640,HIBCC,KY618693414562,L78429,S293640
(01)QD781122003683(17)271231(10)L48515(21)S930850,GS1,QD781122003683,L48515,S930850
(01)ZH914703865235(17)271231(10)L63177(21)S390457,ICCBBA,ZH914703865235,L63177,S390457
(01)NV214133697709(17)271231(10)L96077(21)S603025,GS1,NV214133697709,L96077,S603025
(01)PI248885421054(17)271231(10)L16711(21)S876589,ICCBBA,PI248885421054,L16711,S876589
(01)FE759410360754(17)271231(10)L20733(21)S036080,HIBCC,FE759410360754,L20733,S036080
(01)WI603585435893(17)271231(10)L94632(21)S585384,GS1,WI603585435893,L94632,S585384
(01)HO190740560293(17)271231(10)L66889(21)S232629,GS1,HO190740560293,L66889,S232629
(01)HU205520919664(17)271231(10)L73871(21)S946442,HIBCC,HU205520919664,L73871,S946442
(01)UL292285096654(17)271231(10)L73842(21)S960331,GS1,UL292285096654,L73842,S960331
(01)TO192054401013(17)271231(10)L19748(21)S462750,ICCBBA,TO192054401013,L19748,S462750
(01)UV831919033746(17)271231(10)L86657(21)S584870,HIBCC,UV831919033746,L86657,S584870
(01)HB632492583339(17)271231(10)L01343(21)S230148,ICCBBA,HB632492583339,L01343,S230148
(01)QM805966294222(17)271231(10)L59200(21)S711858,GS1,QM805966294222,L59200,S711858
(01)NB065447351957(17)271231(10)L87400(21)S196252,HIBCC,NB065447351957,L87400,S196252
(01)ZN795645378983(17)271231(10)L36941(21)S924667,HIBCC,ZN795645378983,L36941,S924667
(01)OY629992511068(17)271231(10)L39414(21)S632201,GS1,OY629992511068,L39414,S632201
(01)KA354477396933(17)271231(10)L60458(21)S559275,GS1,KA354477396933,L60458,S559275
(01)RU382364678282(17)271231(10)L18692(21)S343728,ICCBBA,RU382364678282,L18692,S343728
(01)PS539341964690(17)271231(10)L48189(21)S593412,GS1,PS539341964690,L48189,S593412
(01)GS338654123534(17)271231(10)L29740(21)S449608,HIBCC,GS338654123534,L29740,S449608
(01)AT934626561233(17)271231(10)L44653(21)S762447,GS1,AT934626561233,L44653,S762447
(01)EW595329886627(17)271231(10)L05080(21)S374595,ICCBBA,EW595329886627,L05080,S374595
(01)OX289809509917(17)271231(10)L07875(21)S325678,ICCBBA,OX289809509917,L07875,S325678
(01)ZV736559562546(17)271231(10)L65272(21)S837739,ICCBBA,ZV736559562546,L65272,S837739
(01)BD836929061247(17)271231(10)L57517(21)S673901,GS1,BD836929061247,L57517,S673901
(01)DV502798515954(17)271231(10)L78465(21)S729616,HIBCC,DV502798515954,L78465,S729616
(01)JG460688987984(17)271231(10)L94823(21)S973331,GS1,JG460688987984,L94823,S973331
(01)XP344637200827(17)271231(10)L36666(21)S073538,HIBCC,XP344637200827,L36666,S073538
(01)AY267819067544(17)271231(10)L48005(21)S198922,HIBCC,AY267819067544,L48005,S198922
(01)KK623989132923(17)271231(10)L68509(21)S373356,HIBCC,KK623989132923,L68509,S373356
(01)WX045535519018(17)271231(10)L66637(21)S867115,ICCBBA,WX045535519018,L66637,S867115
(01)ZI348510325425(17)271231(10)L18863(21)S668978,GS1,ZI348510325425,L18863,S668978
(01)SO361897075738(17)271231(10)L24749(21)S665763,ICCBBA,SO361897075738,L24749,S665763
(01)RV385857658751(17)271231(10)L81791(21)S725062,ICCBBA,RV385857658751,L81791,S725062
(01)AA319553392101(17)271231(10)L52029(21)S494500,GS1,AA319553392101,L52029,S494500
(01)AL213309388445(17)271231(10)L78495(21)S467919,HIBCC,AL213309388445,L78495,S467919
(01)LT963372591480(17)271231(10)L59313(21)S431990,GS1,LT963372591480,L59313,S431990
(01)JA404639028799(17)271231(10)L10161(21)S445068,ICCBBA,JA404639028799,L10161,S445068
(01)GD607445749103(17)271231(10)L12581(21)S272366,HIBCC,GD607445749103,L12581,S272366
(01)TT810268173490(17)271231(10)L68032(21)S066920,HIBCC,TT810268173490,L68032,S066920
(01)UD531153041874(17)271231(10)L20408(21)S298560,GS1,UD531153041874,L20408,S298560
(01)LF693007508293(17)271231(10)L04880(21)S045213,HIBCC,LF693007508293,L04880,S045213
(01)DK584936150758(17)271231(10)L25326(21)S448659,GS1,DK584936150758,L25326,S448659
(01)ZP760336338680(17)271231(10)L07992(21)S521411,GS1,ZP760336338680,L07992,S521411
(01)TB758589907142(17)271231(10)L75961(21)S077821,HIBCC,TB758589907142,L75961,S077821
(01)EA828143651333(17)271231(10)L64380(21)S744068,ICCBBA,EA828143651333,L64380,S744068
(01)LB088412506298(17)271231(10)L48156(21)S357687,HIBCC,LB088412506298,L48156,S357687
(01)KA203970607333(17)271231(10)L06687(21)S253565,HIBCC,KA203970607333,L06687,S253565
(01)VR222687525261(17)271231(10)L24375(21)S804243,HIBCC,VR222687525261,L24375,S804243
(01)MI957640085393(17)271231(10)L66951(21)S238502,HIBCC,MI957640085393,L66951,S238502
(01)VS153560836401(17)271231(10)L51749(21)S910831,ICCBBA,VS153560836401,L51749,S910831
(01)NR283251703717(17)271231(10)L90231(21)S358870,HIBCC,NR283251703717,L90231,S358870
(01)TZ938305729797(17)271231(10)L86226(21)S897886,HIBCC,TZ938305729797,L86226,S897886
(01)BJ264704943578(17)271231(10)L54438(21)S614499,ICCBBA,BJ264704943578,L54438,S614499
(01)UM486714362760(17)271231(10)L16895(21)S244293,ICCBBA,UM486714362760,L16895,S244293
(01)UH285378308630(17)271231(10)L27647(21)S076325,ICCBBA,UH285378308630,L27647,S076325
(01)MQ638788419606(17)271231(10)L25693(21)S187665,ICCBBA,MQ638788419606,L25693,S187665
(01)IU662971291138(17)271231(10)L57472(21)S673889,GS1,IU662971291138,L57472,S673889
(01)OD992970294381(17)271231(10)L18671(21)S767499,GS1,OD992970294381,L18671,S767499
(01)XJ270771511297(17)271231(10)L83993(21)S462486,HIBCC,XJ270771511297,L83993,S462486
(01)VK807298611377(17)271231(10)L59739(21)S632166,ICCBBA,VK807298611377,L59739,S632166
(01)UP681666225154(17)271231(10)L85019(21)S885400,GS1,UP681666225154,L85019,S885400
(01)HV847717569238(17)271231(10)L13481(21)S645634,GS1,HV847717569238,L13481,S645634
(01)XE354586469204(17)271231(10)L01501(21)S562295,ICCBBA,XE354586469204,L01501,S562295
(01)EM194005327950(17)271231(10)L19450(21)S311465,GS1,EM194005327950,L19450,S311465
(01)YK071425700770(17)271231(10)L79881(21)S382946,GS1,YK071425700770,L79881,S382946
(01)FT648163344583(17)271231(10)L92693(21)S781502,GS1,FT648163344583,L92693,S781502
(01)YD349284025799(17)271231(10)L51675(21)S997676,ICCBBA,YD349284025799,L51675,S997676
(01)CZ606611685481(17)271231(10)L06195(21)S526804,GS1,CZ606611685481,L06195,S526804
(01)XZ752891556911(17)271231(10)L97950(21)S729500,ICCBBA,XZ752891556911,L97950,S729500
(01)XQ595091480914(17)271231(10)L29185(21)S309235,GS1,XQ595091480914,L29185,S309235
(01)FW593779628441(17)271231(10)L72031(21)S999857,HIBCC,FW593779628441,L72031,S999857
(01)ER476000573049(17)271231(10)L28803(21)S037450,ICCBBA,ER476000573049,L28803,S037450
(01)FP558104132020(17)271231(10)L60869(21)S177147,GS1,FP558104132020,L60869,S177147
(01)PF213175284726(17)271231(10)L60138(21)S385937,GS1,PF213175284726,L60138,S385937
(01)YJ921709316069(17)271231(10)L41415(21)S349146,HIBCC,YJ921709316069,L41415,S349146
(01)TS829244981827(17)271231(10)L37460(21)S748101,HIBCC,TS829244981827,L37460,S748101
(01)QQ980789994005(17)271231(10)L24698(21)S160470,HIBCC,QQ980789994005,L24698,S160470
(01)XQ063476861873(17)271231(10)L34110(21)S853443,ICCBBA,XQ063476861873,L34110,S853443
(01)CZ808447704465(17)271231(10)L70906(21)S381329,ICCBBA,CZ808447704465,L70906,S381329
(01)RZ493765833878(17)271231(10)L76613(21)S795877,GS1,RZ493765833878,L76613,S795877
(01)SY005413460533(17)271231(10)L11726(21)S658899,HIBCC,SY005413460533,L11726,S658899
(01)CA977057759382(17)271231(10)L23411(21)S993591,ICCBBA,CA977057759382,L23411,S993591
(01)HB389792181566(17)271231(10)L26412(21)S795060,ICCBBA,HB389792181566,L26412,S795060
(01)SN618581682512(17)271231(10)L48037(21)S406054,GS1,SN618581682512,L48037,S406054
(01)YL991084076112(17)271231(10)L47806(21)S058513,HIBCC,YL991084076112,L47806,S058513
(01)NW831902416478(17)271231(10)L20071(21)S596109,GS1,NW831902416478,L20071,S596109
(01)ST814018550133(17)271231(10)L54975(21)S507504,HIBCC,ST814018550133,L54975,S507504
(01)UR361367679122(17)271231(10)L13281(21)S825829,ICCBBA,UR361367679122,L13281,S825829
(01)XT991529744851(17)271231(10)L36761(21)S747569,GS1,XT991529744851,L36761,S747569
(01)SY751146699972(17)271231(10)L13416(21)S208397,ICCBBA,SY751146699972,L13416,S208397
(01)CN782496795348(17)271231(10)L43685(21)S904322,HIBCC,CN782496795348,L43685,S904322
(01)DM546275873480(17)271231(10)L00133(21)S238270,GS1,DM546275873480,L00133,S238270
(01)QW705399034517(17)271231(10)L85943(21)S211408,GS1,QW705399034517,L85943,S211408
(01)AG648958715769(17)271231(10)L44860(21)S833347,HIBCC,AG648958715769,L44860,S833347
(01)KM418871785845(17)271231(10)L76800(21)S115975,GS1,KM418871785845,L76800,S115975
(01)EX572040813323(17)271231(10)L80315(21)S151705,GS1,EX572040813323,L80315,S151705
(01)PT675386669875(17)271231(10)L37707(21)S428046,HIBCC,PT675386669875,L37707,S428046
(01)LO811756214505(17)271231(10)L76214(21)S705609,GS1,LO811756214505,L76214,S705609
(01)SE376198400428(17)271231(10)L61821(21)S834722,HIBCC,SE376198400428,L61821,S834722
(01)PC878332985810(17)271231(10)L54315(21)S030162,ICCBBA,PC878332985810,L54315,S030162
(01)JQ080757779166(17)271231(10)L38089(21)S229268,GS1,JQ080757779166,L38089,S229268
(01)SI117946844653(17)271231(10)L31871(21)S556326,GS1,SI117946844653,L31871,S556326
(01)WE434414226798(17)271231(10)L60923(21)S272539,GS1,WE434414226798,L60923,S272539
(01)XY848338731269(17)271231(10)L78049(21)S457601,ICCBBA,XY848338731269,L78049,S457601
(01)ZT978041819376(17)271231(10)L04916(21)S920614,HIBCC,ZT978041819376,L04916,S920614
(01)QJ249732372241(17)271231(10)L22552(21)S093452,HIBCC,QJ249732372241,L22552,S093452
(01)BU774090291648(17)271231(10)L03761(21)S814091,HIBCC,BU774090291648,L03761,S814091
(01)XB926553537652(17)271231(10)L31808(21)S209926,HIBCC,XB926553537652,L31808,S209926
(01)FE534763750451(17)271231(10)L65979(21)S926359,ICCBBA,FE534763750451,L65979,S926359
(01)YP110506972510(17)271231(10)L24868(21)S039833,HIBCC,YP110506972510,L24868,S039833
(01)BT100431414872(17)271231(10)L80196(21)S488566,GS1,BT100431414872,L80196,S488566
(01)UF510867853850(17)271231(10)L87500(21)S301397,HIBCC,UF510867853850,L87500,S301397
(01)JQ935729579269(17)271231(10)L73464(21)S978827,ICCBBA,JQ935729579269,L73464,S978827
(01)BF910549455571(17)271231(10)L67700(21)S079199,HIBCC,BF910549455571,L67700,S079199
(01)AQ912824568892(17)271231(10)L73248(21)S463355,HIBCC,AQ912824568892,L73248,S463355
(01)WJ952414304157(17)271231(10)L62356(21)S969778,ICCBBA,WJ952414304157,L62356,S969778
(01)QM318559916569(17)271231(10)L31367(21)S864332,ICCBBA,QM318559916569,L31367,S864332
(01)IL353215503638(17)271231(10)L12941(21)S374167,GS1,IL353215503638,L12941,S374167
(01)BV691281871023(17)271231(10)L80192(21)S437993,HIBCC,BV691281871023,L80192,S437993
(01)CH510889997571(17)271231(10)L90524(21)S693036,GS1,CH510889997571,L90524,S693036
(01)CL897867412356(17)271231(10)L41202(21)S775572,ICCBBA,CL897867412356,L41202,S775572
(01)IS413224250632(17)271231(10)L53786(21)S369628,ICCBBA,IS413224250632,L53786,S369628
(01)ZR257220898628(17)271231(10)L52103(21)S285586,HIBCC,ZR257220898628,L52103,S285586
(01)OS701442730918(17)271231(10)L63885(21)S191914,GS1,OS701442730918,L63885,S191914
(01)UZ732156395462(17)271231(10)L97198(21)S702297,GS1,UZ732156395462,L97198,S702297
(01)IC182182731547(17)271231(10)L22428(21)S959686,HIBCC,IC182182731547,L22428,S959686
(01)DL052962446421(17)271231(10)L84703(21)S901463,GS1,DL052962446421,L84703,S901463
(01)QJ283166723519(17)271231(10)L74829(21)S337522,ICCBBA,QJ283166723519,L74829,S337522
(01)YB283240293348(17)271231(10)L57243(21)S318111,ICCBBA,YB283240293348,L57243,S318111
(01)RX058665427437(17)271231(10)L56084(21)S282070,GS1,RX058665427437,L56084,S282070
(01)IA576119008496(17)271231(10)L77713(21)S613730,ICCBBA,IA576119008496,L77713,S613730
(01)GM596524631891(17)271231(10)L46526(21)S934468,GS1,GM596524631891,L46526,S934468
(01)XL472462359965(17)271231(10)L39948(21)S669297,GS1,XL472462359965,L39948,S669297
(01)BW478293349019(17)271231(10)L90635(21)S504776,HIBCC,BW478293349019,L90635,S504776
(01)OX125240486957(17)271231(10)L29413(21)S263488,HIBCC,OX125240486957,L29413,S263488
(01)CG926208328393(17)271231(10)L13823(21)S183706,HIBCC,CG926208328393,L13823,S183706
(01)GK383159036048(17)271231(10)L41651(21)S932656,ICCBBA,GK383159036048,L41651,S932656
(01)JB019854411546(17)271231(10)L21537(21)S653399,HIBCC,JB019854411546,L21537,S653399
(01)IF540350462715(17)271231(10)L79761(21)S543365,ICCBBA,IF540350462715,L79761,S543365
(01)PT359184685637(17)271231(10)L93447(21)S889797,ICCBBA,PT359184685637,L93447,S889797
(01)EF226109651199(17)271231(10)L47855(21)S388837,GS1,EF226109651199,L47855,S388837
(01)NP897828277640(17)271231(10)L84869(21)S727037,GS1,NP897828277640,L84869,S727037
(01)KK420271132650(17)271231(10)L84026(21)S328744,ICCBBA,KK420271132650,L84026,S328744
(01)NN165955602217(17)271231(10)L17356(21)S140662,GS1,NN165955602217,L17356,S140662
(01)YC826918286809(17)271231(10)L70343(21)S876494,ICCBBA,YC826918286809,L70343,S876494
(01)RL684906284060(17)271231(10)L68169(21)S992038,ICCBBA,RL684906284060,L68169,S992038
(01)DY394345178649(17)271231(10)L23752(21)S422389,HIBCC,DY394345178649,L23752,S422389
(01)EX161769262840(17)271231(10)L67967(21)S433902,HIBCC,EX161769262840,L67967,S433902
(01)RO133520954541(17)271231(10)L35596(21)S456384,ICCBBA,RO133520954541,L35596,S456384
(01)KG490595387466(17)271231(10)L50955(21)S732716,GS1,KG490595387466,L50955,S732716
(01)XH173401058743(17)271231(10)L05167(21)S018142,HIBCC,XH173401058743,L05167,S018142
(01)HW774124652052(17)271231(10)L88995(21)S979509,HIBCC,HW774124652052,L88995,S979509
(01)RL280911998463(17)271231(10)L53393(21)S858562,HIBCC,RL280911998463,L53393,S858562
(01)WQ810344573232(17)271231(10)L40600(21)S806745,ICCBBA,WQ810344573232,L40600,S806745
(01)EN293756205713(17)271231(10)L20590(21)S397706,GS1,EN293756205713,L20590,S397706
(01)JJ030255423008(17)271231(10)L80428(21)S652549,HIBCC,JJ030255423008,L80428,S652549
(01)PE149855123770(17)271231(10)L90317(21)S937461,HIBCC,PE149855123770,L90317,S937461
(01)HN475518496103(17)271231(10)L21645(21)S873529,ICCBBA,HN475518496103,L21645,S873529
(01)BG865377319279(17)271231(10)L61639(21)S296653,ICCBBA,BG865377319279,L61639,S296653
(01)OA689449623398(17)271231(10)L80725(21)S082096,ICCBBA,OA689449623398,L80725,S082096
(01)NM584040729880(17)271231(10)L89513(21)S795083,HIBCC,NM584040729880,L89513,S795083
(01)PL695423974885(17)271231(10)L11037(21)S889035,GS1,PL695423974885,L11037,S889035
(01)HF730581455014(17)271231(10)L08023(21)S705787,GS1,HF730581455014,L08023,S705787
(01)BJ929982953147(17)271231(10)L41878(21)S126233,ICCBBA,BJ929982953147,L41878,S126233
(01)EU261778129174(17)271231(10)L50584(21)S550088,ICCBBA,EU261778129174,L50584,S550088
(01)AF168632412883(17)271231(10)L34690(21)S067200,ICCBBA,AF168632412883,L34690,S067200
(01)NH858932106588(17)271231(10)L47423(21)S602983,GS1,NH858932106588,L47423,S602983
(01)BX519394371665(17)271231(10)L33950(21)S064479,ICCBBA,BX519394371665,L33950,S064479
(01)LF863801237502(17)271231(10)L06781(21)S470790,HIBCC,LF863801237502,L06781,S470790
(01)IH550264200214(17)271231(10)L79575(21)S373312,GS1,IH550264200214,L79575,S373312
(01)RJ441740174852(17)271231(10)L88874(21)S496810,GS1,RJ441740174852,L88874,S496810
(01)WW944923409743(17)271231(10)L16281(21)S446133,GS1,WW944923409743,L16281,S446133
(01)CC224444817747(17)271231(10)L68944(21)S483848,HIBCC,CC224444817747,L68944,S483848
(01)FU014143201605(17)271231(10)L16984(21)S941464,ICCBBA,FU014143201605,L16984,S941464
(01)MG267653090526(17)271231(10)L52182(21)S948071,ICCBBA,MG267653090526,L52182,S948071
(01)XF334823989128(17)271231(10)L61542(21)S771511,HIBCC,XF334823989128,L61542,S771511
(01)MH840741740098(17)271231(10)L94834(21)S661282,ICCBBA,MH840741740098,L94834,S661282
(01)EI087127646874(17)271231(10)L77935(21)S049763,ICCBBA,EI087127646874,L77935,S049763
(01)CW032174483476(17)271231(10)L57675(21)S612918,GS1,CW032174483476,L57675,S612918
(01)JQ849520635171(17)271231(10)L95916(21)S598761,ICCBBA,JQ849520635171,L95916,S598761
(01)IH360570141557(17)271231(10)L67237(21)S320908,GS1,IH360570141557,L67237,S320908
(01)RS642326951622(17)271231(10)L58731(21)S044348,GS1,RS642326951622,L58731,S044348
(01)OH171211546212(17)271231(10)L15660(21)S042443,HIBCC,OH171211546212,L15660,S042443
(01)WL180056817574(17)271231(10)L95116(21)S911866,GS1,WL180056817574,L95116,S911866
(01)FP521650911005(17)271231(10)L38355(21)S426116,ICCBBA,FP521650911005,L38355,S426116
(01)VQ016734968641(17)271231(10)L90784(21)S919845,HIBCC,VQ016734968641,L90784,S919845
(01)ZL938832779922(17)271231(10)L96805(21)S608253,ICCBBA,ZL938832779922,L96805,S608253
(01)OY395670558684(17)271231(10)L29829(21)S700651,ICCBBA,OY395670558684,L29829,S700651
(01)QH975354727588(17)271231(10)L79139(21)S245021,ICCBBA,QH975354727588,L79139,S245021
(01)TZ710299442350(17)271231(10)L84118(21)S419154,HIBCC,TZ710299442350,L84118,S419154
(01)RI108158890785(17)271231(10)L21736(21)S632411,ICCBBA,RI108158890785,L21736,S632411
(01)MS298365532022(17)271231(10)L50822(21)S369528,GS1,MS298365532022,L50822,S369528
(01)IC807933851472(17)271231(10)L96131(21)S542018,HIBCC,IC807933851472,L96131,S542018
(01)AR252020311588(17)271231(10)L60666(21)S076107,HIBCC,AR252020311588,L60666,S076107
(01)AU010366339457(17)271231(10)L81319(21)S887361,HIBCC,AU010366339457,L81319,S887361
(01)MY336667754010(17)271231(10)L12051(21)S267259,HIBCC,MY336667754010,L12051,S267259
(01)YD524674524016(17)271231(10)L97174(21)S772546,GS1,YD524674524016,L97174,S772546
(01)YX496632028454(17)271231(10)L84132(21)S765076,HIBCC,YX496632028454,L84132,S765076
(01)GG152566716505(17)271231(10)L31886(21)S637447,HIBCC,GG152566716505,L31886,S637447
(01)YN693970696153(17)271231(10)L02277(21)S405018,HIBCC,YN693970696153,L02277,S405018
(01)RS122440904457(17)271231(10)L50486(21)S675163,ICCBBA,RS122440904457,L50486,S675163
(01)EG484780936694(17)271231(10)L11124(21)S373452,GS1,EG484780936694,L11124,S373452
(01)JT128563681563(17)271231(10)L55670(21)S531920,ICCBBA,JT128563681563,L55670,S531920
(01)CI735389855663(17)271231(10)L96272(21)S775840,GS1,CI735389855663,L96272,S775840
(01)GT814801045060(17)271231(10)L79064(21)S040222,ICCBBA,GT814801045060,L79064,S040222
(01)FS652058167342(17)271231(10)L52282(21)S718215,HIBCC,FS652058167342,L52282,S718215
(01)PF943641314747(17)271231(10)L00019(21)S522955,GS1,PF943641314747,L00019,S522955
(01)HE961184774497(17)271231(10)L96559(21)S138026,ICCBBA,HE961184774497,L96559,S138026
(01)CU087331011656(17)271231(10)L65584(21)S415021,HIBCC,CU087331011656,L65584,S415021
(01)XP219335277461(17)271231(10)L34794(21)S381037,HIBCC,XP219335277461,L34794,S381037
(01)VQ260226430898(17)271231(10)L16551(21)S849641,HIBCC,VQ260226430898,L16551,S849641
(01)JA807112384486(17)271231(10)L59664(21)S492358,GS1,JA807112384486,L59664,S492358
(01)EA982698858932(17)271231(10)L29343(21)S143046,GS1,EA982698858932,L29343,S143046
(01)QA310344036266(17)271231(10)L89413(21)S614065,ICCBBA,QA310344036266,L89413,S614065
(01)JZ051581227617(17)271231(10)L96969(21)S329106,HIBCC,JZ051581227617,L96969,S329106
(01)OX545204503268(17)271231(10)L14732(21)S732565,ICCBBA,OX545204503268,L14732,S732565
(01)LD718911207386(17)271231(10)L59391(21)S190269,GS1,LD718911207386,L59391,S190269
(01)IJ504006137686(17)271231(10)L85013(21)S412295,HIBCC,IJ504006137686,L85013,S412295
(01)IE828060708415(17)271231(10)L56551(21)S027446,HIBCC,IE828060708415,L56551,S027446
(01)OJ662194496665(17)271231(10)L45659(21)S254567,ICCBBA,OJ662194496665,L45659,S254567
(01)BR898943106437(17)271231(10)L37532(21)S409962,GS1,BR898943106437,L37532,S409962
(01)FR962692281679(17)271231(10)L55162(21)S662378,GS1,FR962692281679,L55162,S662378
(01)ON055913727958(17)271231(10)L06747(21)S609761,GS1,ON055913727958,L06747,S609761
(01)UH286894463690(17)271231(10)L19869(21)S843969,HIBCC,UH286894463690,L19869,S843969
(01)ZO084498898710(17)271231(10)L64418(21)S932014,GS1,ZO084498898710,L64418,S932014
(01)SB461241281646(17)271231(10)L21233(21)S061879,ICCBBA,SB461241281646,L21233,S061879
(01)MQ136436294660(17)271231(10)L75898(21)S520213,HIBCC,MQ136436294660,L75898,S520213
(01)KZ541356316010(17)271231(10)L46730(21)S588712,GS1,KZ541356316010,L46730,S588712
(01)RY149522100379(17)271231(10)L16061(21)S993913,GS1,RY149522100379,L16061,S993913
(01)TO741584043890(17)271231(10)L81170(21)S316058,ICCBBA,TO741584043890,L81170,S316058
(01)IX428324899674(17)271231(10)L20762(21)S618141,GS1,IX428324899674,L20762,S618141
(01)DG660016049396(17)271231(10)L75611(21)S130251,HIBCC,DG660016049396,L75611,S130251
(01)PN260407716870(17)271231(10)L82938(21)S516779,HIBCC,PN260407716870,L82938,S516779
(01)NE686633587568(17)271231(10)L97524(21)S779813,GS1,NE686633587568,L97524,S779813
(01)CH942027316948(17)271231(10)L69954(21)S265074,ICCBBA,CH942027316948,L69954,S265074
(01)YB762717885734(17)271231(10)L91682(21)S475797,HIBCC,YB762717885734,L91682,S475797
(01)KY759407260512(17)271231(10)L12917(21)S059283,ICCBBA,KY759407260512,L12917,S059283
(01)KM215627063213(17)271231(10)L04390(21)S180293,ICCBBA,KM215627063213,L04390,S180293
(01)CS179316576054(17)271231(10)L32136(21)S609321,GS1,CS179316576054,L32136,S609321
(01)CJ478187882804(17)271231(10)L22576(21)S524922,GS1,CJ478187882804,L22576,S524922
(01)QS778239624130(17)271231(10)L53675(21)S886214,GS1,QS778239624130,L53675,S886214
(01)IR739719797222(17)271231(10)L94240(21)S034707,GS1,IR739719797222,L94240,S034707
(01)JA646027693257(17)271231(10)L95137(21)S836465,GS1,JA646027693257,L95137,S836465
(01)MP678882573211(17)271231(10)L11030(21)S920043,GS1,MP678882573211,L11030,S920043
(01)TU088003324126(17)271231(10)L39797(21)S472831,GS1,TU088003324126,L39797,S472831
(01)KG403012534630(17)271231(10)L65040(21)S215486,HIBCC,KG403012534630,L65040,S215486
(01)UJ430514969651(17)271231(10)L63741(21)S585001,HIBCC,UJ430514969651,L63741,S585001
(01)JF090994687576(17)271231(10)L08312(21)S969932,GS1,JF090994687576,L08312,S969932
(01)IA977871522235(17)271231(10)L74358(21)S703110,ICCBBA,IA977871522235,L74358,S703110
(01)QU038776405150(17)271231(10)L81056(21)S779226,HIBCC,QU038776405150,L81056,S779226
(01)AL778612025272(17)271231(10)L48180(21)S865531,HIBCC,AL778612025272,L48180,S865531
(01)JT511739850811(17)271231(10)L93791(21)S657299,GS1,JT511739850811,L93791,S657299
(01)AZ466092084757(17)271231(10)L68756(21)S511072,ICCBBA,AZ466092084757,L68756,S511072
(01)PF218802083547(17)271231(10)L45849(21)S899461,ICCBBA,PF218802083547,L45849,S899461
(01)ID576605125289(17)271231(10)L12618(21)S630601,ICCBBA,ID576605125289,L12618,S630601
(01)MR099205978715(17)271231(10)L09147(21)S262026,ICCBBA,MR099205978715,L09147,S262026
(01)XV719710538257(17)271231(10)L17314(21)S150942,ICCBBA,XV719710538257,L17314,S150942
(01)BL878808091901(17)271231(10)L55560(21)S894267,ICCBBA,BL878808091901,L55560,S894267
(01)HS691315007347(17)271231(10)L95422(21)S415349,GS1,HS691315007347,L95422,S415349
(01)LD871854984542(17)271231(10)L02615(21)S202928,GS1,LD871854984542,L02615,S202928
(01)TC737795154402(17)271231(10)L03861(21)S508070,ICCBBA,TC737795154402,L03861,S508070
(01)CT530897675297(17)271231(10)L45680(21)S990002,HIBCC,CT530897675297,L45680,S990002
(01)RI406906847101(17)271231(10)L88758(21)S648235,HIBCC,RI406906847101,L88758,S648235
(01)SE199481169371(17)271231(10)L30721(21)S307729,ICCBBA,SE199481169371,L30721,S307729
(01)GZ649200064749(17)271231(10)L48142(21)S736700,ICCBBA,GZ649200064749,L48142,S736700
(01)SC746232490178(17)271231(10)L71601(21)S938351,GS1,SC746232490178,L71601,S938351
(01)XA036523860033(17)271231(10)L40589(21)S726013,HIBCC,XA036523860033,L40589,S726013
(01)FQ343771763866(17)271231(10)L38183(21)S079854,GS1,FQ343771763866,L38183,S079854
(01)GM894971898411(17)271231(10)L74911(21)S894525,HIBCC,GM894971898411,L74911,S894525
(01)GZ404745646679(17)271231(10)L89061(21)S622555,HIBCC,GZ404745646679,L89061,S622555
(01)IS645731441160(17)271231(10)L42088(21)S779234,HIBCC,IS645731441160,L42088,S779234
(01)YY324739645876(17)271231(10)L02515(21)S437264,HIBCC,YY324739645876,L02515,S437264
(01)HQ501179099020(17)271231(10)L47205(21)S995983,ICCBBA,HQ501179099020,L47205,S995983
(01)WO903966044608(17)271231(10)L28468(21)S294922,ICCBBA,WO903966044608,L28468,S294922
(01)HT492560059722(17)271231(10)L38430(21)S272965,ICCBBA,HT492560059722,L38430,S272965
(01)KI339018901719(17)271231(10)L61933(21)S680608,ICCBBA,KI339018901719,L61933,S680608
(01)NQ984059240546(17)271231(10)L85892(21)S415271,HIBCC,NQ984059240546,L85892,S415271
(01)YX647881472638(17)271231(10)L04518(21)S182282,GS1,YX647881472638,L04518,S182282
(01)PB069013673802(17)271231(10)L94738(21)S489392,HIBCC,PB069013673802,L94738,S489392
(01)AZ903094962558(17)271231(10)L58084(21)S630535,ICCBBA,AZ903094962558,L58084,S630535
(01)UL441610680014(17)271231(10)L22128(21)S974700,ICCBBA,UL441610680014,L22128,S974700
(01)UL152961813073(17)271231(10)L55274(21)S403301,GS1,UL152961813073,L55274,S403301
(01)EQ547881083080(17)271231(10)L72553(21)S789215,GS1,EQ547881083080,L72553,S789215
(01)YP758891187185(17)271231(10)L06499(21)S242993,GS1,YP758891187185,L06499,S242993
(01)DZ666978655052(17)271231(10)L05153(21)S542565,GS1,DZ666978655052,L05153,S542565
(01)CH727981716938(17)271231(10)L44117(21)S616763,HIBCC,CH727981716938,L44117,S616763
(01)TQ440027895180(17)271231(10)L59276(21)S235167,HIBCC,TQ440027895180,L59276,S235167
(01)KL886168352005(17)271231(10)L93691(21)S298506,HIBCC,KL886168352005,L93691,S298506
(01)BZ476475010567(17)271231(10)L13641(21)S342355,HIBCC,BZ476475010567,L13641,S342355
(01)FN393820365240(17)271231(10)L94556(21)S337121,HIBCC,FN393820365240,L94556,S337121
(01)JX236895159952(17)271231(10)L98585(21)S860585,HIBCC,JX236895159952,L98585,S860585
(01)HX112952825431(17)271231(10)L59744(21)S187473,HIBCC,HX112952825431,L59744,S187473
(01)HJ165187717807(17)271231(10)L90610(21)S863890,GS1,HJ165187717807,L90610,S863890
(01)VC636319295067(17)271231(10)L18796(21)S998244,GS1,VC636319295067,L18796,S998244
(01)IN832604984821(17)271231(10)L03154(21)S983842,HIBCC,IN832604984821,L03154,S983842
(01)XN618600153019(17)271231(10)L41418(21)S740452,ICCBBA,XN618600153019,L41418,S740452
(01)VA953629500743(17)271231(10)L02535(21)S083475,ICCBBA,VA953629500743,L02535,S083475
(01)GF746237902094(17)271231(10)L92031(21)S275708,GS1,GF746237902094,L92031,S275708
(01)NM048247558469(17)271231(10)L30396(21)S531105,ICCBBA,NM048247558469,L30396,S531105
(01)GJ310171067638(17)271231(10)L11540(21)S306068,ICCBBA,GJ310171067638,L11540,S306068
(01)VE515552662823(17)271231(10)L58836(21)S520195,HIBCC,VE515552662823,L58836,S520195
(01)KX476961859302(17)271231(10)L69983(21)S107377,GS1,KX476961859302,L69983,S107377
(01)XD841246722091(17)271231(10)L96618(21)S925784,ICCBBA,XD841246722091,L96618,S925784
(01)UN572923685815(17)271231(10)L61302(21)S683291,GS1,UN572923685815,L61302,S683291
(01)DS256065735994(17)271231(10)L02254(21)S669199,ICCBBA,DS256065735994,L02254,S669199
(01)PE615968426837(17)271231(10)L23482(21)S767277,GS1,PE615968426837,L23482,S767277
(01)LW415913815509(17)271231(10)L73614(21)S483213,ICCBBA,LW415913815509,L73614,S483213
(01)ED687786362847(17)271231(10)L23008(21)S499986,HIBCC,ED687786362847,L23008,S499986
(01)FX327141134165(17)271231(10)L61775(21)S198539,HIBCC,FX327141134165,L61775,S198539
(01)QQ932816712489(17)271231(10)L31064(21)S161569,HIBCC,QQ932816712489,L31064,S161569
(01)RX131260886822(17)271231(10)L52236(21)S950163,ICCBBA,RX131260886822,L52236,S950163
(01)QB268826710307(17)271231(10)L97833(21)S671934,HIBCC,QB268826710307,L97833,S671934
(01)ZC727103012690(17)271231(10)L86475(21)S389618,ICCBBA,ZC727103012690,L86475,S389618
(01)JH162065623558(17)271231(10)L36976(21)S959251,ICCBBA,JH162065623558,L36976,S959251
(01)IP242973398728(17)271231(10)L14446(21)S127539,GS1,IP242973398728,L14446,S127539
(01)UC719977839775(17)271231(10)L80562(21)S569032,HIBCC,UC719977839775,L80562,S569032
(01)UA128469948801(17)271231(10)L23815(21)S014979,ICCBBA,UA128469948801,L23815,S014979
(01)QF042901266947(17)271231(10)L27356(21)S173009,ICCBBA,QF042901266947,L27356,S173009
(01)PV220599753418(17)271231(10)L78605(21)S198129,HIBCC,PV220599753418,L78605,S198129
(01)IP047361020518(17)271231(10)L44838(21)S608365,HIBCC,IP047361020518,L44838,S608365
(01)AW638739016001(17)271231(10)L84577(21)S620185,HIBCC,AW638739016001,L84577,S620185
(01)ST923546770066(17)271231(10)L90453(21)S115554,GS1,ST923546770066,L90453,S115554
(01)SW902313629821(17)271231(10)L91884(21)S504285,HIBCC,SW902313629821,L91884,S504285
(01)RY420175252267(17)271231(10)L88660(21)S180827,HIBCC,RY420175252267,L88660,S180827
(01)QV867595092415(17)271231(10)L35423(21)S934648,HIBCC,QV867595092415,L35423,S934648
(01)MI911349611616(17)271231(10)L19281(21)S905498,ICCBBA,MI911349611616,L19281,S905498
(01)NZ394595099707(17)271231(10)L82984(21)S692090,HIBCC,NZ394595099707,L82984,S692090
(01)QI709271988508(17)271231(10)L48460(21)S257942,GS1,QI709271988508,L48460,S257942
(01)KI017570707246(17)271231(10)L25167(21)S093383,ICCBBA,KI017570707246,L25167,S093383
(01)DR329487644981(17)271231(10)L73434(21)S811793,HIBCC,DR329487644981,L73434,S811793
(01)SV453125944195(17)271231(10)L72811(21)S647012,GS1,SV453125944195,L72811,S647012
(01)TF866845722543(17)271231(10)L17729(21)S514730,ICCBBA,TF866845722543,L17729,S514730
(01)IW743694105324(17)271231(10)L85872(21)S670597,HIBCC,IW743694105324,L85872,S670597
(01)CQ619429354983(17)271231(10)L04206(21)S825904,HIBCC,CQ619429354983,L04206,S825904
(01)HK287122530619(17)271231(10)L84550(21)S154270,ICCBBA,HK287122530619,L84550,S154270
(01)GN082932367555(17)271231(10)L39231(21)S086485,HIBCC,GN082932367555,L39231,S086485
(01)HY284614218274(17)271231(10)L24000(21)S476059,ICCBBA,HY284614218274,L24000,S476059
(01)OR447276291435(17)271231(10)L17564(21)S930698,ICCBBA,OR447276291435,L17564,S930698
(01)ZQ941184333234(17)271231(10)L85295(21)S822374,ICCBBA,ZQ941184333234,L85295,S822374
(01)SD847309479983(17)271231(10)L52126(21)S188970,ICCBBA,SD847309479983,L52126,S188970
(01)ZW159493822466(17)271231(10)L65986(21)S935803,GS1,ZW159493822466,L65986,S935803
(01)KW698212486423(17)271231(10)L07642(21)S778812,GS1,KW698212486423,L07642,S778812
(01)TE057683239119(17)271231(10)L36709(21)S370919,GS1,TE057683239119,L36709,S370919
(01)OU238121191561(17)271231(10)L95977(21)S591509,HIBCC,OU238121191561,L95977,S591509
(01)AC909669814115(17)271231(10)L38446(21)S526930,HIBCC,AC909669814115,L38446,S526930
(01)QM086968665484(17)271231(10)L58126(21)S390582,ICCBBA,QM086968665484,L58126,S390582
(01)QU082653458083(17)271231(10)L56685(21)S711921,GS1,QU082653458083,L56685,S711921
(01)PH140890079987(17)271231(10)L69856(21)S976358,ICCBBA,PH140890079987,L69856,S976358
(01)BQ071045479609(17)271231(10)L31897(21)S341056,GS1,BQ071045479609,L31897,S341056
(01)UT419229169860(17)271231(10)L67823(21)S196437,ICCBBA,UT419229169860,L67823,S196437
(01)PR554651208127(17)271231(10)L46952(21)S435637,GS1,PR554651208127,L46952,S435637
(01)NK878198515453(17)271231(10)L48782(21)S084211,HIBCC,NK878198515453,L48782,S084211
(01)QY977734980003(17)271231(10)L95801(21)S511982,GS1,QY977734980003,L95801,S511982
(01)BL800624342470(17)271231(10)L90859(21)S020690,ICCBBA,BL800624342470,L90859,S020690
(01)LQ510450327118(17)271231(10)L73178(21)S313149,HIBCC,LQ510450327118,L73178,S313149
(01)PE986957861773(17)271231(10)L63770(21)S225731,HIBCC,PE986957861773,L63770,S225731
(01)KU706608970835(17)271231(10)L24744(21)S127034,ICCBBA,KU706608970835,L24744,S127034
(01)HP140488805451(17)271231(10)L22200(21)S231462,ICCBBA,HP140488805451,L22200,S231462
(01)GD112222992349(17)271231(10)L56042(21)S107928,ICCBBA,GD112222992349,L56042,S107928
(01)RP567080450355(17)271231(10)L60115(21)S001460,GS1,RP567080450355,L60115,S001460
(01)WE052462767577(17)271231(10)L23070(21)S322024,GS1,WE052462767577,L23070,S322024
(01)DJ857174140136(17)271231(10)L23095(21)S776990,ICCBBA,DJ857174140136,L23095,S776990
(01)MM464708414687(17)271231(10)L67473(21)S871771,ICCBBA,MM464708414687,L67473,S871771
(01)UA177836029220(17)271231(10)L09975(21)S792620,ICCBBA,UA177836029220,L09975,S792620
(01)MA394377710745(17)271231(10)L66674(21)S414248,ICCBBA,MA394377710745,L66674,S414248
(01)CT352506775419(17)271231(10)L95679(21)S899061,HIBCC,CT352506775419,L95679,S899061
(01)OQ400910189487(17)271231(10)L56615(21)S148007,ICCBBA,OQ400910189487,L56615,S148007
(01)RS553744668028(17)271231(10)L76061(21)S347869,ICCBBA,RS553744668028,L76061,S347869
(01)GB764098793212(17)271231(10)L12196(21)S538446,ICCBBA,GB764098793212,L12196,S538446
(01)HJ119444146167(17)271231(10)L00037(21)S585498,ICCBBA,HJ119444146167,L00037,S585498
(01)UE356049842259(17)271231(10)L92339(21)S655292,HIBCC,UE356049842259,L92339,S655292
(01)YB198736065298(17)271231(10)L37221(21)S421690,HIBCC,YB198736065298,L37221,S421690
(01)YO207747850331(17)271231(10)L56020(21)S719460,GS1,YO207747850331,L56020,S719460
(01)DC222601374011(17)271231(10)L68209(21)S953582,GS1,DC222601374011,L68209,S953582
(01)UN872011097947(17)271231(10)L83847(21)S489886,ICCBBA,UN872011097947,L83847,S489886
(01)PH224661720559(17)271231(10)L62461(21)S879097,HIBCC,PH224661720559,L62461,S879097
(01)BD688230021439(17)271231(10)L08609(21)S371451,ICCBBA,BD688230021439,L08609,S371451
(01)ZJ601991368221(17)271231(10)L06000(21)S645842,GS1,ZJ601991368221,L06000,S645842
(01)WI368717035798(17)271231(10)L17258(21)S805503,ICCBBA,WI368717035798,L17258,S805503
(01)MI672641516563(17)271231(10)L83879(21)S468701,ICCBBA,MI672641516563,L83879,S468701
(01)UK344059263650(17)271231(10)L23435(21)S652158,ICCBBA,UK344059263650,L23435,S652158
(01)LO751042638557(17)271231(10)L18953(21)S429949,GS1,LO751042638557,L18953,S429949
(01)VY585933314933(17)271231(10)L85016(21)S655035,ICCBBA,VY585933314933,L85016,S655035
(01)XQ836073172467(17)271231(10)L55418(21)S870241,GS1,XQ836073172467,L55418,S870241
(01)FX814028097079(17)271231(10)L54878(21)S283174,ICCBBA,FX814028097079,L54878,S283174
(01)TK448009089600(17)271231(10)L24364(21)S934862,HIBCC,TK448009089600,L24364,S934862
(01)FQ754502988219(17)271231(10)L65749(21)S861741,HIBCC,FQ754502988219,L65749,S861741
(01)PG748520370964(17)271231(10)L41250(21)S743479,HIBCC,PG748520370964,L41250,S743479
(01)NP174955515036(17)271231(10)L55288(21)S825889,GS1,NP174955515036,L55288,S825889
(01)YX540849765865(17)271231(10)L22084(21)S204873,ICCBBA,YX540849765865,L22084,S204873
(01)BZ729859494054(17)271231(10)L20885(21)S253939,GS1,BZ729859494054,L20885,S253939
(01)KU739004475086(17)271231(10)L86415(21)S646361,ICCBBA,KU739004475086,L86415,S646361
(01)IJ453764089970(17)271231(10)L06126(21)S283739,GS1,IJ453764089970,L06126,S283739
(01)OF327531537964(17)271231(10)L57100(21)S046895,ICCBBA,OF327531537964,L57100,S046895
(01)EH872562106138(17)271231(10)L18878(21)S826257,HIBCC,EH872562106138,L18878,S826257
(01)EF062614335533(17)271231(10)L27473(21)S234447,ICCBBA,EF062614335533,L27473,S234447
(01)MG103588314717(17)271231(10)L03520(21)S933716,HIBCC,MG103588314717,L03520,S933716
(01)NK344495908846(17)271231(10)L64474(21)S464494,GS1,NK344495908846,L64474,S464494
(01)EX299839151041(17)271231(10)L13465(21)S732917,HIBCC,EX299839151041,L13465,S732917
(01)PC633530126012(17)271231(10)L90873(21)S623832,HIBCC,PC633530126012,L90873,S623832
(01)XZ101485566437(17)271231(10)L69747(21)S058424,ICCBBA,XZ101485566437,L69747,S058424
(01)JK443730932835(17)271231(10)L21068(21)S468639,GS1,JK443730932835,L21068,S468639
(01)YI160502572894(17)271231(10)L63797(21)S648655,GS1,YI160502572894,L63797,S648655
(01)VH302215078130(17)271231(10)L56947(21)S708221,GS1,VH302215078130,L56947,S708221
(01)KT608437782001(17)271231(10)L44915(21)S331547,ICCBBA,KT608437782001,L44915,S331547
(01)UC332781290202(17)271231(10)L71328(21)S955482,ICCBBA,UC332781290202,L71328,S955482
(01)XN597320352632(17)271231(10)L01869(21)S571845,GS1,XN597320352632,L01869,S571845
(01)VU680073879580(17)271231(10)L67316(21)S694238,GS1,VU680073879580,L67316,S694238
(01)PQ614582554565(17)271231(10)L87409(21)S581601,HIBCC,PQ614582554565,L87409,S581601
(01)BB609674737182(17)271231(10)L38921(21)S750269,GS1,BB609674737182,L38921,S750269
(01)UB842875963631(17)271231(10)L82773(21)S121738,GS1,UB842875963631,L82773,S121738
(01)GV030174583699(17)271231(10)L39730(21)S044935,HIBCC,GV030174583699,L39730,S044935
(01)QJ210437821069(17)271231(10)L90251(21)S046743,ICCBBA,QJ210437821069,L90251,S046743
(01)JW792808818861(17)271231(10)L25583(21)S496975,HIBCC,JW792808818861,L25583,S496975
(01)GN482337744182(17)271231(10)L96375(21)S490495,GS1,GN482337744182,L96375,S490495
(01)FZ776809310882(17)271231(10)L21964(21)S830178,HIBCC,FZ776809310882,L21964,S830178
(01)PW795032333684(17)271231(10)L33967(21)S882163,ICCBBA,PW795032333684,L33967,S882163
(01)GU218013615296(17)271231(10)L81957(21)S434957,ICCBBA,GU218013615296,L81957,S434957
(01)XY772999613979(17)271231(10)L14322(21)S070157,ICCBBA,XY772999613979,L14322,S070157
(01)DV203594509318(17)271231(10)L70628(21)S734356,GS1,DV203594509318,L70628,S734356
(01)TO332155447410(17)271231(10)L35576(21)S375201,GS1,TO332155447410,L35576,S375201
(01)OH137115351360(17)271231(10)L46599(21)S282029,HIBCC,OH137115351360,L46599,S282029
(01)CT911965224329(17)271231(10)L45842(21)S863533,GS1,CT911965224329,L45842,S863533
(01)UQ692081896952(17)271231(10)L87800(21)S445864,HIBCC,UQ692081896952,L87800,S445864
(01)XY147573646037(17)271231(10)L13494(21)S302094,ICCBBA,XY147573646037,L13494,S302094
(01)GJ053997278133(17)271231(10)L45210(21)S971419,HIBCC,GJ053997278133,L45210,S971419
(01)ZZ882846249828(17)271231(10)L65756(21)S210588,GS1,ZZ882846249828,L65756,S210588
(01)NY141537967208(17)271231(10)L57424(21)S530844,GS1,NY141537967208,L57424,S530844
(01)QW447076221098(17)271231(10)L12439(21)S103575,GS1,QW447076221098,L12439,S103575
(01)RZ084214985588(17)271231(10)L52408(21)S205381,ICCBBA,RZ084214985588,L52408,S205381
(01)BK587239712894(17)271231(10)L88307(21)S685668,HIBCC,BK587239712894,L88307,S685668
(01)XZ159162303527(17)271231(10)L76305(21)S972218,ICCBBA,XZ159162303527,L76305,S972218
(01)BU555360990918(17)271231(10)L42270(21)S246194,GS1,BU555360990918,L42270,S246194
(01)MC781176798806(17)271231(10)L13026(21)S201458,ICCBBA,MC781176798806,L13026,S201458
(01)EY885852267359(17)271231(10)L90247(21)S193438,GS1,EY885852267359,L90247,S193438
(01)IR229062582062(17)271231(10)L77752(21)S375460,HIBCC,IR229062582062,L77752,S375460
(01)OG863251900128(17)271231(10)L00920(21)S804979,GS1,OG863251900128,L00920,S804979
(01)VP141423382598(17)271231(10)L62609(21)S028438,HIBCC,VP141423382598,L62609,S028438
(01)UT286845874626(17)271231(10)L76781(21)S247690,ICCBBA,UT286845874626,L76781,S247690
(01)LM503828562980(17)271231(10)L59134(21)S700549,ICCBBA,LM503828562980,L59134,S700549
(01)UX016067513101(17)271231(10)L34045(21)S550456,HIBCC,UX016067513101,L34045,S550456
(01)ET006957312030(17)271231(10)L57382(21)S127971,ICCBBA,ET006957312030,L57382,S127971
(01)IA272321851073(17)271231(10)L85164(21)S352704,ICCBBA,IA272321851073,L85164,S352704
(01)ME720675774231(17)271231(10)L36339(21)S142501,HIBCC,ME720675774231,L36339,S142501
(01)RJ923525905607(17)271231(10)L22163(21)S163822,HIBCC,RJ923525905607,L22163,S163822
(01)KT073481120284(17)271231(10)L65751(21)S376048,ICCBBA,KT073481120284,L65751,S376048
(01)VY965235525792(17)271231(10)L63900(21)S610335,GS1,VY965235525792,L63900,S610335
(01)JR612098722063(17)271231(10)L33928(21)S270160,ICCBBA,JR612098722063,L33928,S270160
(01)HY120416163535(17)271231(10)L71397(21)S124548,ICCBBA,HY120416163535,L71397,S124548
(01)JY148958148913(17)271231(10)L75631(21)S440332,HIBCC,JY148958148913,L75631,S440332
(01)RM206400177476(17)271231(10)L13609(21)S356176,ICCBBA,RM206400177476,L13609,S356176
(01)NS079298373598(17)271231(10)L27603(21)S930533,GS1,NS079298373598,L27603,S930533
(01)PX534520010874(17)271231(10)L97397(21)S225189,GS1,PX534520010874,L97397,S225189
(01)AJ871906586048(17)271231(10)L59785(21)S134906,ICCBBA,AJ871906586048,L59785,S134906
(01)FJ731387507343(17)271231(10)L95130(21)S268956,HIBCC,FJ731387507343,L95130,S268956
(01)TR303284385763(17)271231(10)L55799(21)S559083,ICCBBA,TR303284385763,L55799,S559083
(01)YW140112821838(17)271231(10)L02372(21)S590460,GS1,YW140112821838,L02372,S590460
(01)TI352101866312(17)271231(10)L74205(21)S969554,HIBCC,TI352101866312,L74205,S969554
(01)FV402382319836(17)271231(10)L76241(21)S641261,ICCBBA,FV402382319836,L76241,S641261
(01)FJ737993922778(17)271231(10)L89470(21)S517498,ICCBBA,FJ737993922778,L89470,S517498
(01)CI471894641195(17)271231(10)L90798(21)S602859,HIBCC,CI471894641195,L90798,S602859
(01)PR788476808740(17)271231(10)L88587(21)S300574,GS1,PR788476808740,L88587,S300574
(01)WH590348425152(17)271231(10)L12257(21)S440521,GS1,WH590348425152,L12257,S440521
(01)YJ851597236829(17)271231(10)L40643(21)S221278,HIBCC,YJ851597236829,L40643,S221278
(01)DF768844912158(17)271231(10)L38446(21)S193686,ICCBBA,DF768844912158,L38446,S193686
(01)SF145457698817(17)271231(10)L04633(21)S024469,GS1,SF145457698817,L04633,S024469
(01)VF956038990985(17)271231(10)L88407(21)S834224,ICCBBA,VF956038990985,L88407,S834224
(01)EX588784552352(17)271231(10)L91940(21)S506992,GS1,EX588784552352,L91940,S506992
(01)BL214476902068(17)271231(10)L10576(21)S847728,ICCBBA,BL214476902068,L10576,S847728
(01)HH620649386538(17)271231(10)L43076(21)S606160,GS1,HH620649386538,L43076,S606160
(01)UK334652488141(17)271231(10)L53588(21)S382762,ICCBBA,UK334652488141,L53588,S382762
(01)GP312452505259(17)271231(10)L34370(21)S065396,GS1,GP312452505259,L34370,S065396
(01)VT693952920459(17)271231(10)L42672(21)S032563,ICCBBA,VT693952920459,L42672,S032563
(01)VE600586912694(17)271231(10)L38658(21)S497940,ICCBBA,VE600586912694,L38658,S497940
(01)MO385621915473(17)271231(10)L31157(21)S182406,HIBCC,MO385621915473,L31157,S182406
(01)NS659468306843(17)271231(10)L31009(21)S403853,GS1,NS659468306843,L31009,S403853
(01)TB337674862167(17)271231(10)L50419(21)S904176,GS1,TB337674862167,L50419,S904176
(01)EA101902192464(17)271231(10)L11371(21)S929382,HIBCC,EA101902192464,L11371,S929382
(01)TT212077873116(17)271231(10)L45304(21)S281086,ICCBBA,TT212077873116,L45304,S281086
(01)WC258483215109(17)271231(10)L01452(21)S550956,HIBCC,WC258483215109,L01452,S550956
(01)GU808644983183(17)271231(10)L38670(21)S615184,ICCBBA,GU808644983183,L38670,S615184
(01)DG937889364609(17)271231(10)L24583(21)S303926,ICCBBA,DG937889364609,L24583,S303926
(01)TD396669901271(17)271231(10)L81884(21)S817172,GS1,TD396669901271,L81884,S817172
(01)DZ560841599557(17)271231(10)L91410(21)S939639,GS1,DZ560841599557,L91410,S939639
(01)FW282164443836(17)271231(10)L55522(21)S902577,HIBCC,FW282164443836,L55522,S902577
(01)VE095041021573(17)271231(10)L40420(21)S648472,HIBCC,VE095041021573,L40420,S648472
(01)HT794498729427(17)271231(10)L43937(21)S420449,GS1,HT794498729427,L43937,S420449
(01)CW704611140909(17)271231(10)L04669(21)S550015,HIBCC,CW704611140909,L04669,S550015
(01)DU952582118373(17)271231(10)L31695(21)S023593,HIBCC,DU952582118373,L31695,S023593
(01)CF004205787892(17)271231(10)L48454(21)S691763,HIBCC,CF004205787892,L48454,S691763
(01)YQ617739686192(17)271231(10)L90756(21)S124835,HIBCC,YQ617739686192,L90756,S124835
(01)UC112952055763(17)271231(10)L05010(21)S649261,HIBCC,UC112952055763,L05010,S649261
(01)RV131147201202(17)271231(10)L02999(21)S030003,ICCBBA,RV131147201202,L02999,S030003
(01)FP966308887344(17)271231(10)L56431(21)S018497,GS1,FP966308887344,L56431,S018497
(01)FT700037944012(17)271231(10)L15869(21)S191330,GS1,FT700037944012,L15869,S191330
(01)XX510569332867(17)271231(10)L04757(21)S345910,HIBCC,XX510569332867,L04757,S345910
(01)OW845497136475(17)271231(10)L69711(21)S499355,GS1,OW845497136475,L69711,S499355
(01)DO958554639682(17)271231(10)L05790(21)S854481,GS1,DO958554639682,L05790,S854481
(01)NB856193020097(17)271231(10)L24027(21)S715294,GS1,NB856193020097,L24027,S715294
(01)VE701251052301(17)271231(10)L77179(21)S386173,GS1,VE701251052301,L77179,S386173
(01)ZB780137995331(17)271231(10)L24304(21)S873910,GS1,ZB780137995331,L24304,S873910
(01)SK318499903782(17)271231(10)L07171(21)S049343,GS1,SK318499903782,L07171,S049343
(01)SK167387553956(17)271231(10)L44331(21)S204759,HIBCC,SK167387553956,L44331,S204759
(01)CF849801769378(17)271231(10)L10271(21)S007364,ICCBBA,CF849801769378,L10271,S007364
(01)UX020342101311(17)271231(10)L08373(21)S232465,HIBCC,UX020342101311,L08373,S232465
(01)GX092350899466(17)271231(10)L20363(21)S087371,GS1,GX092350899466,L20363,S087371
(01)SE154609071088(17)271231(10)L44786(21)S129948,ICCBBA,SE154609071088,L44786,S129948
(01)KA109948530985(17)271231(10)L64955(21)S045874,ICCBBA,KA109948530985,L64955,S045874
(01)MN242639169831(17)271231(10)L21022(21)S299207,GS1,MN242639169831,L21022,S299207
(01)TI453339758883(17)271231(10)L97361(21)S087960,ICCBBA,TI453339758883,L97361,S087960
(01)UF528639989275(17)271231(10)L30786(21)S098988,GS1,UF528639989275,L30786,S098988
(01)II776661753838(17)271231(10)L23190(21)S293106,ICCBBA,II776661753838,L23190,S293106
(01)AE134592712333(17)271231(10)L44005(21)S828461,HIBCC,AE134592712333,L44005,S828461
(01)TW755918438123(17)271231(10)L06255(21)S692932,GS1,TW755918438123,L06255,S692932
(01)OS352130016730(17)271231(10)L76715(21)S772082,HIBCC,OS352130016730,L76715,S772082
(01)LZ490651400480(17)271231(10)L32007(21)S394305,ICCBBA,LZ490651400480,L32007,S394305
(01)VT111720515694(17)271231(10)L18860(21)S368137,ICCBBA,VT111720515694,L18860,S368137
(01)JI548680604670(17)271231(10)L16910(21)S577606,ICCBBA,JI548680604670,L16910,S577606
(01)RX563357956793(17)271231(10)L70851(21)S789887,ICCBBA,RX563357956793,L70851,S789887
(01)TZ598449231918(17)271231(10)L20742(21)S072630,GS1,TZ598449231918,L20742,S072630
(01)ST834216351579(17)271231(10)L78330(21)S542726,ICCBBA,ST834216351579,L78330,S542726
(01)VB763693748197(17)271231(10)L92547(21)S808691,ICCBBA,VB763693748197,L92547,S808691
(01)YV562743445581(17)271231(10)L73088(21)S686454,GS1,YV562743445581,L73088,S686454
(01)HE961571777853(17)271231(10)L09614(21)S779636,ICCBBA,HE961571777853,L09614,S779636
(01)LC917067857759(17)271231(10)L27540(21)S100969,HIBCC,LC917067857759,L27540,S100969
(01)ZM566696933278(17)271231(10)L18860(21)S556033,HIBCC,ZM566696933278,L18860,S556033
(01)DC301011274456(17)271231(10)L51586(21)S069808,GS1,DC301011274456,L51586,S069808
(01)HZ630769565918(17)271231(10)L11550(21)S428181,GS1,HZ630769565918,L11550,S428181
(01)DP859830352974(17)271231(10)L39739(21)S058242,GS1,DP859830352974,L39739,S058242
(01)GQ764749125302(17)271231(10)L90726(21)S855299,HIBCC,GQ764749125302,L90726,S855299
(01)VF130153101904(17)271231(10)L39370(21)S471120,HIBCC,VF130153101904,L39370,S471120
(01)GQ467008253364(17)271231(10)L99862(21)S664990,GS1,GQ467008253364,L99862,S664990
(01)BD446036855525(17)271231(10)L93021(21)S513238,GS1,BD446036855525,L93021,S513238
(01)LX549076011966(17)271231(10)L19053(21)S045496,ICCBBA,LX549076011966,L19053,S045496
(01)MU142100731384(17)271231(10)L41155(21)S781158,HIBCC,MU142100731384,L41155,S781158
(01)IP288844242849(17)271231(10)L81276(21)S194886,GS1,IP288844242849,L81276,S194886
(01)GY013119213948(17)271231(10)L17410(21)S845423,ICCBBA,GY013119213948,L17410,S845423
(01)YC356318586636(17)271231(10)L91243(21)S774125,GS1,YC356318586636,L91243,S774125
(01)OO489558268302(17)271231(10)L87703(21)S694455,HIBCC,OO489558268302,L87703,S694455
(01)RD141460178660(17)271231(10)L50247(21)S003848,ICCBBA,RD141460178660,L50247,S003848
(01)LA045669047269(17)271231(10)L01458(21)S675422,ICCBBA,LA045669047269,L01458,S675422
(01)MX336753167777(17)271231(10)L35428(21)S268729,HIBCC,MX336753167777,L35428,S268729
(01)LX386598332303(17)271231(10)L10929(21)S916131,ICCBBA,LX386598332303,L10929,S916131
(01)UN606437831856(17)271231(10)L93105(21)S487614,ICCBBA,UN606437831856,L93105,S487614
(01)MJ557547266314(17)271231(10)L75738(21)S882838,GS1,MJ557547266314,L75738,S882838
(01)SX082249658679(17)271231(10)L30868(21)S343570,ICCBBA,SX082249658679,L30868,S343570
(01)XR246585111624(17)271231(10)L07704(21)S731435,HIBCC,XR246585111624,L07704,S731435
(01)KP148236602503(17)271231(10)L22662(21)S960872,GS1,KP148236602503,L22662,S960872
(01)FC773969425994(17)271231(10)L17529(21)S155520,HIBCC,FC773969425994,L17529,S155520
(01)TC360931568834(17)271231(10)L46612(21)S968231,GS1,TC360931568834,L46612,S968231
(01)ZX303819402876(17)271231(10)L83537(21)S318931,HIBCC,ZX303819402876,L83537,S318931
(01)VK421336781900(17)271231(10)L75981(21)S206375,GS1,VK421336781900,L75981,S206375
(01)KI619714201931(17)271231(10)L74526(21)S678170,HIBCC,KI619714201931,L74526,S678170
(01)ZF492203629893(17)271231(10)L24666(21)S408015,GS1,ZF492203629893,L24666,S408015
(01)DM460872872441(17)271231(10)L89925(21)S545775,GS1,DM460872872441,L89925,S545775
(01)YJ673671609575(17)271231(10)L74852(21)S780878,ICCBBA,YJ673671609575,L74852,S780878
(01)SH999715220394(17)271231(10)L66831(21)S920577,HIBCC,SH999715220394,L66831,S920577
(01)MT928260397700(17)271231(10)L69445(21)S494307,GS1,MT928260397700,L69445,S494307
(01)CZ472435546585(17)271231(10)L34918(21)S366576,HIBCC,CZ472435546585,L34918,S366576
(01)HV627809438107(17)271231(10)L48381(21)S421486,HIBCC,HV627809438107,L48381,S421486
(01)TY819202832340(17)271231(10)L71382(21)S760429,ICCBBA,TY819202832340,L71382,S760429
(01)FM262725796670(17)271231(10)L73216(21)S503974,HIBCC,FM262725796670,L73216,S503974
(01)AV566672014441(17)271231(10)L16867(21)S500963,ICCBBA,AV566672014441,L16867,S500963
(01)EU704606868011(17)271231(10)L76492(21)S556159,HIBCC,EU704606868011,L76492,S556159
(01)NJ597080723272(17)271231(10)L10721(21)S723350,GS1,NJ597080723272,L10721,S723350
(01)VN843838658035(17)271231(10)L73197(21)S082723,GS1,VN843838658035,L73197,S082723
(01)FR318025552338(17)271231(10)L03821(21)S238125,HIBCC,FR318025552338,L03821,S238125
(01)YO267917376234(17)271231(10)L19789(21)S658896,HIBCC,YO267917376234,L19789,S658896
(01)TE445305326253(17)271231(10)L44895(21)S456235,HIBCC,TE445305326253,L44895,S456235
(01)VD123082519658(17)271231(10)L75281(21)S125056,GS1,VD123082519658,L75281,S125056
(01)VN863389943938(17)271231(10)L60224(21)S896652,HIBCC,VN863389943938,L60224,S896652
(01)WK685129736268(17)271231(10)L63686(21)S148796,HIBCC,WK685129736268,L63686,S148796
(01)CT556512741073(17)271231(10)L75551(21)S195360,HIBCC,CT556512741073,L75551,S195360
(01)VQ658426375449(17)271231(10)L68434(21)S816232,HIBCC,VQ658426375449,L68434,S816232
(01)EF521801426272(17)271231(10)L78189(21)S689057,HIBCC,EF521801426272,L78189,S689057
(01)TJ150014828897(17)271231(10)L90954(21)S816706,HIBCC,TJ150014828897,L90954,S816706
(01)ST392291015045(17)271231(10)L50914(21)S048904,ICCBBA,ST392291015045,L50914,S048904
(01)BY563897622318(17)271231(10)L90245(21)S579003,HIBCC,BY563897622318,L90245,S579003
(01)YL526347109353(17)271231(10)L52962(21)S853567,ICCBBA,YL526347109353,L52962,S853567
(01)IN357588138328(17)271231(10)L96774(21)S179765,GS1,IN357588138328,L96774,S179765
(01)XL054066642152(17)271231(10)L58783(21)S887415,HIBCC,XL054066642152,L58783,S887415
(01)CS936742563681(17)271231(10)L27061(21)S736885,ICCBBA,CS936742563681,L27061,S736885
(01)ZS631414781404(17)271231(10)L28388(21)S011199,ICCBBA,ZS631414781404,L28388,S011199
(01)JU799412194563(17)271231(10)L36703(21)S803317,HIBCC,JU799412194563,L36703,S803317
(01)YP861153617806(17)271231(10)L53029(21)S179814,HIBCC,YP861153617806,L53029,S179814
(01)HV523841028300(17)271231(10)L54238(21)S768366,GS1,HV523841028300,L54238,S768366
(01)NV602420305439(17)271231(10)L64339(21)S286829,HIBCC,NV602420305439,L64339,S286829
(01)BR968603229322(17)271231(10)L95150(21)S481590,HIBCC,BR968603229322,L95150,S481590
(01)UV352729787976(17)271231(10)L35358(21)S946301,ICCBBA,UV352729787976,L35358,S946301
(01)LH892368181283(17)271231(10)L42003(21)S376917,HIBCC,LH892368181283,L42003,S376917
(01)IC928095308649(17)271231(10)L46879(21)S021040,GS1,IC928095308649,L46879,S021040
(01)ML378380903191(17)271231(10)L73436(21)S786919,ICCBBA,ML378380903191,L73436,S786919
(01)LH827869973610(17)271231(10)L67487(21)S212002,ICCBBA,LH827869973610,L67487,S212002
(01)YI073241913497(17)271231(10)L63981(21)S958403,HIBCC,YI073241913497,L63981,S958403
(01)YI834708618574(17)271231(10)L91234(21)S016091,ICCBBA,YI834708618574,L91234,S016091
(01)TS355961657058(17)271231(10)L07007(21)S491768,GS1,TS355961657058,L07007,S491768
(01)AS983895354167(17)271231(10)L51111(21)S384934,GS1,AS983895354167,L51111,S384934
(01)EE774499482329(17)271231(10)L49083(21)S131435,GS1,EE774499482329,L49083,S131435
(01)IU180994026070(17)271231(10)L97110(21)S722967,ICCBBA,IU180994026070,L97110,S722967
(01)VJ499121203770(17)271231(10)L04776(21)S532016,HIBCC,VJ499121203770,L04776,S532016
(01)EL369137032346(17)271231(10)L03627(21)S276478,ICCBBA,EL369137032346,L03627,S276478
(01)YK420725083292(17)271231(10)L46964(21)S972329,ICCBBA,YK420725083292,L46964,S972329
(01)ZW305283290992(17)271231(10)L99690(21)S732762,HIBCC,ZW305283290992,L99690,S732762
(01)TA292070545766(17)271231(10)L01139(21)S355551,ICCBBA,TA292070545766,L01139,S355551
(01)LK523426151821(17)271231(10)L44359(21)S224661,ICCBBA,LK523426151821,L44359,S224661
(01)XA069629623324(17)271231(10)L94791(21)S438998,HIBCC,XA069629623324,L94791,S438998
(01)IC844147510138(17)271231(10)L24395(21)S044195,HIBCC,IC844147510138,L24395,S044195
(01)HJ866234510900(17)271231(10)L72042(21)S802003,HIBCC,HJ866234510900,L72042,S802003
(01)GI098648918091(17)271231(10)L96911(21)S667261,ICCBBA,GI098648918091,L96911,S667261
(01)OZ571732081135(17)271231(10)L94925(21)S319748,GS1,OZ571732081135,L94925,S319748
(01)XU287675567240(17)271231(10)L96624(21)S627692,ICCBBA,XU287675567240,L96624,S627692
(01)JH958151764763(17)271231(10)L43302(21)S209415,HIBCC,JH958151764763,L43302,S209415
(01)LI482704403964(17)271231(10)L34362(21)S581837,ICCBBA,LI482704403964,L34362,S581837
(01)DC333651233642(17)271231(10)L13244(21)S388840,ICCBBA,DC333651233642,L13244,S388840
(01)GA920269927042(17)271231(10)L56527(21)S547817,HIBCC,GA920269927042,L56527,S547817
(01)RB296306611954(17)271231(10)L41903(21)S609298,HIBCC,RB296306611954,L41903,S609298
(01)EK538191275284(17)271231(10)L34995(21)S662227,GS1,EK538191275284,L34995,S662227
(01)MB262650189750(17)271231(10)L51101(21)S403187,GS1,MB262650189750,L51101,S403187
(01)ZG119334454737(17)271231(10)L25016(21)S680674,GS1,ZG119334454737,L25016,S680674
(01)RL533510362041(17)271231(10)L07531(21)S708844,GS1,RL533510362041,L07531,S708844
(01)ZQ175868141088(17)271231(10)L61610(21)S567867,ICCBBA,ZQ175868141088,L61610,S567867
(01)KL647858136494(17)271231(10)L96051(21)S470438,ICCBBA,KL647858136494,L96051,S470438
(01)AP759183355613(17)271231(10)L30237(21)S763209,GS1,AP759183355613,L30237,S763209
(01)GA932035077927(17)271231(10)L13306(21)S406297,HIBCC,GA932035077927,L13306,S406297
(01)RO221763136333(17)271231(10)L89128(21)S835239,HIBCC,RO221763136333,L89128,S835239
(01)DU670489821129(17)271231(10)L38916(21)S383302,GS1,DU670489821129,L38916,S383302
(01)VM236330057877(17)271231(10)L69827(21)S145783,GS1,VM236330057877,L69827,S145783
(01)QZ373060593821(17)271231(10)L74318(21)S581581,ICCBBA,QZ373060593821,L74318,S581581
(01)QW098513373642(17)271231(10)L71308(21)S355773,HIBCC,QW098513373642,L71308,S355773
(01)QD434758343725(17)271231(10)L09115(21)S008826,HIBCC,QD434758343725,L09115,S008826
(01)OI256841158834(17)271231(10)L24601(21)S071138,ICCBBA,OI256841158834,L24601,S071138
(01)FZ549065478968(17)271231(10)L70845(21)S435421,ICCBBA,FZ549065478968,L70845,S435421
(01)ME559133795585(17)271231(10)L86642(21)S007505,ICCBBA,ME559133795585,L86642,S007505
(01)RK124765274970(17)271231(10)L32799(21)S759232,GS1,RK124765274970,L32799,S759232
(01)FU677889980451(17)271231(10)L07405(21)S714227,ICCBBA,FU677889980451,L07405,S714227
(01)GK473735632296(17)271231(10)L91414(21)S299484,HIBCC,GK473735632296,L91414,S299484
(01)PP766298229427(17)271231(10)L13338(21)S380606,GS1,PP766298229427,L13338,S380606
(01)UL266750253055(17)271231(10)L27505(21)S241983,ICCBBA,UL266750253055,L27505,S241983
(01)ET059553310310(17)271231(10)L79284(21)S933348,ICCBBA,ET059553310310,L79284,S933348
(01)FV021874108930(17)271231(10)L16468(21)S130316,ICCBBA,FV021874108930,L16468,S130316
(01)UQ625784171348(17)271231(10)L63000(21)S931542,GS1,UQ625784171348,L63000,S931542
(01)AG453899641287(17)271231(10)L74733(21)S466222,ICCBBA,AG453899641287,L74733,S466222
(01)ZI327354610667(17)271231(10)L97726(21)S102221,HIBCC,ZI327354610667,L97726,S102221
(01)LT628542036933(17)271231(10)L61106(21)S664900,GS1,LT628542036933,L61106,S664900
(01)VJ265635013100(17)271231(10)L05417(21)S048541,HIBCC,VJ265635013100,L05417,S048541
(01)NW581362427293(17)271231(10)L19632(21)S430675,ICCBBA,NW581362427293,L19632,S430675
(01)KM891611581040(17)271231(10)L27597(21)S039627,ICCBBA,KM891611581040,L27597,S039627
(01)VZ015181648871(17)271231(10)L87624(21)S774724,GS1,VZ015181648871,L87624,S774724
(01)HZ932397304939(17)271231(10)L69137(21)S191715,ICCBBA,HZ932397304939,L69137,S191715
(01)UM479660898850(17)271231(10)L94896(21)S534312,GS1,UM479660898850,L94896,S534312
(01)OP803457276691(17)271231(10)L18053(21)S375555,ICCBBA,OP803457276691,L18053,S375555
(01)GD908020886140(17)271231(10)L20063(21)S028710,HIBCC,GD908020886140,L20063,S028710
(01)HP733176846781(17)271231(10)L01578(21)S302127,ICCBBA,HP733176846781,L01578,S302127
(01)IO765319455727(17)271231(10)L85486(21)S462061,ICCBBA,IO765319455727,L85486,S462061
(01)TX635119867703(17)271231(10)L97229(21)S815505,HIBCC,TX635119867703,L97229,S815505
(01)BV553739682124(17)271231(10)L18908(21)S109819,ICCBBA,BV553739682124,L18908,S109819
(01)ZJ971071288663(17)271231(10)L87903(21)S752870,ICCBBA,ZJ971071288663,L87903,S752870
(01)WU028580070549(17)271231(10)L09676(21)S138047,HIBCC,WU028580070549,L09676,S138047
(01)VH533324493228(17)271231(10)L96521(21)S741060,HIBCC,VH533324493228,L96521,S741060
(01)HK830856393442(17)271231(10)L31315(21)S766772,ICCBBA,HK830856393442,L31315,S766772
(01)SZ101348874227(17)271231(10)L53551(21)S934304,HIBCC,SZ101348874227,L53551,S934304
(01)KB644080647325(17)271231(10)L70075(21)S638281,GS1,KB644080647325,L70075,S638281
(01)SU244885764342(17)271231(10)L74459(21)S937857,GS1,SU244885764342,L74459,S937857
(01)TY206113534049(17)271231(10)L46184(21)S919423,ICCBBA,TY206113534049,L46184,S919423
(01)XG325024615288(17)271231(10)L44480(21)S287464,ICCBBA,XG325024615288,L44480,S287464
(01)EU311969980006(17)271231(10)L41073(21)S771993,HIBCC,EU311969980006,L41073,S771993
(01)EV114568345606(17)271231(10)L42247(21)S470482,ICCBBA,EV114568345606,L42247,S470482
(01)AH938757205598(17)271231(10)L92276(21)S896190,GS1,AH938757205598,L92276,S896190
(01)VA585973537999(17)271231(10)L67605(21)S116901,HIBCC,VA585973537999,L67605,S116901
(01)QC741512957011(17)271231(10)L06032(21)S707340,HIBCC,QC741512957011,L06032,S707340
(01)FR208863225093(17)271231(10)L33689(21)S454533,ICCBBA,FR208863225093,L33689,S454533
(01)FM704859320538(17)271231(10)L03806(21)S542585,ICCBBA,FM704859320538,L03806,S542585
(01)PM679633575443(17)271231(10)L97790(21)S414415,ICCBBA,PM679633575443,L97790,S414415
(01)BP678484660022(17)271231(10)L47350(21)S645114,ICCBBA,BP678484660022,L47350,S645114
(01)LQ808429747101(17)271231(10)L20192(21)S978397,GS1,LQ808429747101,L20192,S978397
(01)ES798879488037(17)271231(10)L72638(21)S183732,GS1,ES798879488037,L72638,S183732
(01)JT583783212014(17)271231(10)L69528(21)S289691,GS1,JT583783212014,L69528,S289691
(01)FK461213805098(17)271231(10)L56374(21)S345772,HIBCC,FK461213805098,L56374,S345772
(01)GD891535876231(17)271231(10)L65033(21)S375515,ICCBBA,GD891535876231,L65033,S375515
(01)ZZ450701264621(17)271231(10)L29550(21)S112584,ICCBBA,ZZ450701264621,L29550,S112584
(01)JZ826545547467(17)271231(10)L08566(21)S840104,HIBCC,JZ826545547467,L08566,S840104
(01)VH169937321982(17)271231(10)L71004(21)S387662,HIBCC,VH169937321982,L71004,S387662
(01)FJ166101429603(17)271231(10)L50550(21)S303905,ICCBBA,FJ166101429603,L50550,S303905
(01)KZ461425347506(17)271231(10)L12156(21)S927591,GS1,KZ461425347506,L12156,S927591
(01)CW216052377631(17)271231(10)L35217(21)S685916,GS1,CW216052377631,L35217,S685916
(01)CA155402195010(17)271231(10)L04337(21)S909330,HIBCC,CA155402195010,L04337,S909330
(01)XK396896234491(17)271231(10)L31158(21)S441804,ICCBBA,XK396896234491,L31158,S441804
(01)DH134902395007(17)271231(10)L75425(21)S433608,GS1,DH134902395007,L75425,S433608
(01)YR797110589057(17)271231(10)L79080(21)S767664,GS1,YR797110589057,L79080,S767664
(01)SO990737475741(17)271231(10)L92689(21)S640382,ICCBBA,SO990737475741,L92689,S640382
(01)EC873090570272(17)271231(10)L31840(21)S651510,HIBCC,EC873090570272,L31840,S651510
(01)IH532787873151(17)271231(10)L39921(21)S173684,HIBCC,IH532787873151,L39921,S173684
(01)BJ952824537044(17)271231(10)L98940(21)S431526,ICCBBA,BJ952824537044,L98940,S431526
(01)TO588603025238(17)271231(10)L28576(21)S978455,GS1,TO588603025238,L28576,S978455
(01)MJ295789331298(17)271231(10)L77211(21)S714201,HIBCC,MJ295789331298,L77211,S714201
(01)NX998868959674(17)271231(10)L87780(21)S219723,ICCBBA,NX998868959674,L87780,S219723
(01)AT003930293421(17)271231(10)L36451(21)S192438,GS1,AT003930293421,L36451,S192438
(01)EJ179706059075(17)271231(10)L08035(21)S606578,HIBCC,EJ179706059075,L08035,S606578
(01)TE466470782523(17)271231(10)L04996(21)S568721,HIBCC,TE466470782523,L04996,S568721
(01)XX182361605349(17)271231(10)L50333(21)S449451,HIBCC,XX182361605349,L50333,S449451
(01)SF546503184255(17)271231(10)L88823(21)S851964,GS1,SF546503184255,L88823,S851964
(01)UH515523388829(17)271231(10)L37493(21)S456016,GS1,UH515523388829,L37493,S456016
(01)MZ775046109790(17)271231(10)L94061(21)S078866,HIBCC,MZ775046109790,L94061,S078866
(01)PN317171973539(17)271231(10)L47550(21)S306811,GS1,PN317171973539,L47550,S306811
(01)AR814249753393(17)271231(10)L50909(21)S524188,GS1,AR814249753393,L50909,S524188
(01)KK369123963597(17)271231(10)L30928(21)S936313,GS1,KK369123963597,L30928,S936313
(01)IV454476416473(17)271231(10)L84924(21)S869600,GS1,IV454476416473,L84924,S869600
(01)GN835887043478(17)271231(10)L72432(21)S744927,ICCBBA,GN835887043478,L72432,S744927
(01)TC287649349127(17)271231(10)L55870(21)S365011,HIBCC,TC287649349127,L55870,S365011
(01)AR895137591438(17)271231(10)L08616(21)S800325,ICCBBA,AR895137591438,L08616,S800325
(01)PL083037556260(17)271231(10)L18097(21)S167537,ICCBBA,PL083037556260,L18097,S167537
(01)QB536848347293(17)271231(10)L68244(21)S697242,GS1,QB536848347293,L68244,S697242
(01)GX226077189822(17)271231(10)L84503(21)S373583,ICCBBA,GX226077189822,L84503,S373583
(01)FV793221933060(17)271231(10)L52867(21)S131088,HIBCC,FV793221933060,L52867,S131088
(01)QF658307141505(17)271231(10)L98661(21)S184736,GS1,QF658307141505,L98661,S184736
(01)FG767642440066(17)271231(10)L78545(21)S838270,GS1,FG767642440066,L78545,S838270
(01)PF208194904926(17)271231(10)L39419(21)S299254,ICCBBA,PF208194904926,L39419,S299254
(01)DF350479530756(17)271231(10)L72601(21)S020150,GS1,DF350479530756,L72601,S020150
(01)VJ092111384383(17)271231(10)L96865(21)S977385,HIBCC,VJ092111384383,L96865,S977385
(01)TM497205846878(17)271231(10)L97209(21)S596936,HIBCC,TM497205846878,L97209,S596936
(01)RL197210731156(17)271231(10)L88841(21)S131151,ICCBBA,RL197210731156,L88841,S131151
(01)JL066780274482(17)271231(10)L47065(21)S648261,ICCBBA,JL066780274482,L47065,S648261
(01)KZ815229914552(17)271231(10)L77026(21)S102378,GS1,KZ815229914552,L77026,S102378
(01)VD467929349500(17)271231(10)L74693(21)S033171,ICCBBA,VD467929349500,L74693,S033171
(01)VA502864507422(17)271231(10)L58402(21)S026589,HIBCC,VA502864507422,L58402,S026589
(01)SL982796666278(17)271231(10)L34376(21)S556496,GS1,SL982796666278,L34376,S556496
(01)CF124199994024(17)271231(10)L25291(21)S309609,ICCBBA,CF124199994024,L25291,S309609
(01)ME898582831224(17)271231(10)L83616(21)S345849,HIBCC,ME898582831224,L83616,S345849
(01)EA824118958904(17)271231(10)L55075(21)S808835,ICCBBA,EA824118958904,L55075,S808835
(01)VQ315743383708(17)271231(10)L26390(21)S761524,HIBCC,VQ315743383708,L26390,S761524
(01)RK368963922593(17)271231(10)L66987(21)S705491,HIBCC,RK368963922593,L66987,S705491
(01)TX115840610836(17)271231(10)L98938(21)S659619,HIBCC,TX115840610836,L98938,S659619
(01)OS089419055026(17)271231(10)L22698(21)S222410,GS1,OS089419055026,L22698,S222410
(01)HG367891798242(17)271231(10)L47983(21)S477837,GS1,HG367891798242,L47983,S477837
(01)MO378670045900(17)271231(10)L12314(21)S003410,ICCBBA,MO378670045900,L12314,S003410
(01)JY615346355541(17)271231(10)L87781(21)S251608,GS1,JY615346355541,L87781,S251608
(01)JL346483169514(17)271231(10)L39322(21)S109746,HIBCC,JL346483169514,L39322,S109746
(01)WR729182353817(17)271231(10)L65857(21)S034502,HIBCC,WR729182353817,L65857,S034502
(01)JA178891427081(17)271231(10)L18683(21)S833417,GS1,JA178891427081,L18683,S833417
(01)BI946254538962(17)271231(10)L31847(21)S734105,GS1,BI946254538962,L31847,S734105
(01)CF637490015892(17)271231(10)L83843(21)S150105,HIBCC,CF637490015892,L83843,S150105
(01)TB074241696010(17)271231(10)L91082(21)S344038,HIBCC,TB074241696010,L91082,S344038
(01)TO112534480450(17)271231(10)L05249(21)S329727,GS1,TO112534480450,L05249,S329727
(01)IG389456820005(17)271231(10)L24352(21)S740959,ICCBBA,IG389456820005,L24352,S740959
(01)VX165830662922(17)271231(10)L48045(21)S941903,HIBCC,VX165830662922,L48045,S941903
(01)TM617220108174(17)271231(10)L15891(21)S014812,ICCBBA,TM617220108174,L15891,S014812
(01)BF086263668656(17)271231(10)L66585(21)S161400,GS1,BF086263668656,L66585,S161400
(01)RP570948790963(17)271231(10)L68036(21)S193974,ICCBBA,RP570948790963,L68036,S193974
(01)SV973720103750(17)271231(10)L88475(21)S819102,HIBCC,SV973720103750,L88475,S819102
(01)DA257897314283(17)271231(10)L95726(21)S663811,ICCBBA,DA257897314283,L95726,S663811
(01)QX820590563344(17)271231(10)L21824(21)S103751,ICCBBA,QX820590563344,L21824,S103751
(01)BA386081766680(17)271231(10)L61335(21)S079893,GS1,BA386081766680,L61335,S079893
(01)YH409917004539(17)271231(10)L94823(21)S897700,HIBCC,YH409917004539,L94823,S897700
(01)XK208620921287(17)271231(10)L49913(21)S921252,HIBCC,XK208620921287,L49913,S921252
(01)UV335417953712(17)271231(10)L94910(21)S501982,ICCBBA,UV335417953712,L94910,S501982
(01)YG088161203791(17)271231(10)L61879(21)S734123,HIBCC,YG088161203791,L61879,S734123
(01)MT917689415500(17)271231(10)L11048(21)S956782,GS1,MT917689415500,L11048,S956782
(01)VP374859871131(17)271231(10)L05787(21)S444141,ICCBBA,VP374859871131,L05787,S444141
(01)MF297416922862(17)271231(10)L93056(21)S319091,ICCBBA,MF297416922862,L93056,S319091
(01)YV382467526244(17)271231(10)L93511(21)S623011,HIBCC,YV382467526244,L93511,S623011
(01)QY853977808025(17)271231(10)L47508(21)S542412,ICCBBA,QY853977808025,L47508,S542412
(01)DY501246006478(17)271231(10)L16941(21)S273710,ICCBBA,DY501246006478,L16941,S273710
(01)BD161962825175(17)271231(10)L95581(21)S846957,ICCBBA,BD161962825175,L95581,S846957
(01)VK367210588729(17)271231(10)L15174(21)S131721,GS1,VK367210588729,L15174,S131721
(01)NK306936131585(17)271231(10)L16610(21)S756785,ICCBBA,NK306936131585,L16610,S756785
(01)GN549204213791(17)271231(10)L83238(21)S795250,ICCBBA,GN549204213791,L83238,S795250
(01)LC366525917747(17)271231(10)L88119(21)S651251,ICCBBA,LC366525917747,L88119,S651251
(01)WT577636549476(17)271231(10)L68554(21)S105227,ICCBBA,WT577636549476,L68554,S105227
(01)UI289802759781(17)271231(10)L39938(21)S861727,GS1,UI289802759781,L39938,S861727
(01)XH334750004582(17)271231(10)L02061(21)S573342,HIBCC,XH334750004582,L02061,S573342
(01)TS761706053567(17)271231(10)L60180(21)S033978,ICCBBA,TS761706053567,L60180,S033978
(01)EA426674543053(17)271231(10)L29341(21)S350661,HIBCC,EA426674543053,L29341,S350661
(01)BC068739289294(17)271231(10)L72089(21)S105264,ICCBBA,BC068739289294,L72089,S105264
(01)SB586418055888(17)271231(10)L12326(21)S876561,GS1,SB586418055888,L12326,S876561
(01)AX121181540904(17)271231(10)L65827(21)S143560,GS1,AX121181540904,L65827,S143560
(01)YM565093192280(17)271231(10)L93513(21)S093050,HIBCC,YM565093192280,L93513,S093050
(01)TL196297277966(17)271231(10)L31694(21)S313139,ICCBBA,TL196297277966,L31694,S313139
(01)OW673949322307(17)271231(10)L08631(21)S639506,ICCBBA,OW673949322307,L08631,S639506
(01)FA114497970466(17)271231(10)L26498(21)S058862,HIBCC,FA114497970466,L26498,S058862
(01)QA135862583030(17)271231(10)L17244(21)S879194,HIBCC,QA135862583030,L17244,S879194
(01)BR754622420301(17)271231(10)L17002(21)S417291,GS1,BR754622420301,L17002,S417291
(01)LV597428893352(17)271231(10)L53585(21)S428329,ICCBBA,LV597428893352,L53585,S428329
(01)PA574234740494(17)271231(10)L95794(21)S935581,ICCBBA,PA574234740494,L95794,S935581
(01)LT420162438251(17)271231(10)L57952(21)S523958,HIBCC,LT420162438251,L57952,S523958
(01)LD419247027457(17)271231(10)L88462(21)S872746,GS1,LD419247027457,L88462,S872746
(01)SE525475270822(17)271231(10)L04668(21)S864289,HIBCC,SE525475270822,L04668,S864289
(01)PK200414595362(17)271231(10)L63305(21)S471580,GS1,PK200414595362,L63305,S471580
(01)FO686641019039(17)271231(10)L76484(21)S509821,HIBCC,FO686641019039,L76484,S509821
(01)YB788908380219(17)271231(10)L93824(21)S173264,GS1,YB788908380219,L93824,S173264
(01)NK636843152867(17)271231(10)L24621(21)S346645,HIBCC,NK636843152867,L24621,S346645
(01)ZC944416304326(17)271231(10)L53484(21)S819158,HIBCC,ZC944416304326,L53484,S819158
(01)GE086866653795(17)271231(10)L18532(21)S963605,ICCBBA,GE086866653795,L18532,S963605
(01)HL675302532961(17)271231(10)L10581(21)S604768,HIBCC,HL675302532961,L10581,S604768
(01)PU081805612031(17)271231(10)L70931(21)S793979,GS1,PU081805612031,L70931,S793979
(01)RE433217333177(17)271231(10)L23319(21)S080901,GS1,RE433217333177,L23319,S080901
(01)JW860964779800(17)271231(10)L03682(21)S749882,GS1,JW860964779800,L03682,S749882
(01)SC624153494759(17)271231(10)L58329(21)S405968,GS1,SC624153494759,L58329,S405968
(01)KR977734444566(17)271231(10)L46108(21)S913154,HIBCC,KR977734444566,L46108,S913154
(01)XV294255096834(17)271231(10)L76579(21)S006675,HIBCC,XV294255096834,L76579,S006675
(01)UK549794024824(17)271231(10)L60960(21)S263102,ICCBBA,UK549794024824,L60960,S263102
(01)KS870147143718(17)271231(10)L91005(21)S962576,ICCBBA,KS870147143718,L91005,S962576
(01)ZP798228904134(17)271231(10)L60444(21)S596900,GS1,ZP798228904134,L60444,S596900
(01)MT481051306343(17)271231(10)L99564(21)S969684,GS1,MT481051306343,L99564,S969684
(01)ST593473678807(17)271231(10)L82495(21)S287993,HIBCC,ST593473678807,L82495,S287993
(01)UC323241506629(17)271231(10)L04022(21)S235692,HIBCC,UC323241506629,L04022,S235692
(01)RM250271850556(17)271231(10)L19560(21)S599786,HIBCC,RM250271850556,L19560,S599786
(01)WC713411491823(17)271231(10)L23021(21)S656822,GS1,WC713411491823,L23021,S656822
(01)RX769773518376(17)271231(10)L47856(21)S246816,ICCBBA,RX769773518376,L47856,S246816
(01)XF251442104109(17)271231(10)L34053(21)S704013,GS1,XF251442104109,L34053,S704013
(01)EA740665284434(17)271231(10)L16410(21)S233992,ICCBBA,EA740665284434,L16410,S233992
(01)MJ675235430616(17)271231(10)L24587(21)S932407,HIBCC,MJ675235430616,L24587,S932407
(01)WY709550547126(17)271231(10)L64232(21)S817948,HIBCC,WY709550547126,L64232,S817948
(01)FV778198581931(17)271231(10)L61058(21)S952653,GS1,FV778198581931,L61058,S952653
(01)VE562843514689(17)271231(10)L36230(21)S769642,GS1,VE562843514689,L36230,S769642
(01)LZ980437984193(17)271231(10)L40095(21)S326070,ICCBBA,LZ980437984193,L40095,S326070
(01)NW108105662443(17)271231(10)L29024(21)S009793,HIBCC,NW108105662443,L29024,S009793
(01)MF707859861399(17)271231(10)L36102(21)S875353,GS1,MF707859861399,L36102,S875353
(01)BB055316185820(17)271231(10)L73576(21)S250732,HIBCC,BB055316185820,L73576,S250732
(01)KK555852029428(17)271231(10)L99930(21)S764054,HIBCC,KK555852029428,L99930,S764054
(01)OU758065883562(17)271231(10)L32359(21)S586634,ICCBBA,OU758065883562,L32359,S586634
(01)YX667336194462(17)271231(10)L34739(21)S606286,HIBCC,YX667336194462,L34739,S606286
(01)EW407923074815(17)271231(10)L14602(21)S639234,GS1,EW407923074815,L14602,S639234
(01)ZI540462395170(17)271231(10)L77266(21)S609756,HIBCC,ZI540462395170,L77266,S609756
(01)OG758333455670(17)271231(10)L22316(21)S673375,GS1,OG758333455670,L22316,S673375
(01)UL477648678116(17)271231(10)L40288(21)S357316,ICCBBA,UL477648678116,L40288,S357316
(01)DQ954158910661(17)271231(10)L16966(21)S809106,ICCBBA,DQ954158910661,L16966,S809106
(01)NG675011637509(17)271231(10)L14842(21)S207260,ICCBBA,NG675011637509,L14842,S207260
(01)UM294209191871(17)271231(10)L53423(21)S082405,ICCBBA,UM294209191871,L53423,S082405
(01)NO475270048899(17)271231(10)L54263(21)S137247,GS1,NO475270048899,L54263,S137247
(01)LO149479862278(17)271231(10)L58246(21)S162165,ICCBBA,LO149479862278,L58246,S162165
(01)BX051376505944(17)271231(10)L95284(21)S213112,HIBCC,BX051376505944,L95284,S213112
(01)NP480250045275(17)271231(10)L40739(21)S794362,GS1,NP480250045275,L40739,S794362
(01)IK482502009657(17)271231(10)L64697(21)S372208,ICCBBA,IK482502009657,L64697,S372208
(01)TK533031633922(17)271231(10)L94378(21)S707637,ICCBBA,TK533031633922,L94378,S707637
(01)QJ211458963663(17)271231(10)L46915(21)S696673,HIBCC,QJ211458963663,L46915,S696673
(01)DR238050268652(17)271231(10)L32554(21)S969503,HIBCC,DR238050268652,L32554,S969503
(01)QA025481512695(17)271231(10)L12056(21)S839189,ICCBBA,QA025481512695,L12056,S839189
(01)ZN019910211095(17)271231(10)L32953(21)S010956,ICCBBA,ZN019910211095,L32953,S010956
(01)FU967318492823(17)271231(10)L47779(21)S604755,ICCBBA,FU967318492823,L47779,S604755
(01)AF102958138023(17)271231(10)L02112(21)S916314,HIBCC,AF102958138023,L02112,S916314
(01)YD359814451060(17)271231(10)L32153(21)S137054,HIBCC,YD359814451060,L32153,S137054
(01)IE072409221190(17)271231(10)L52078(21)S595021,HIBCC,IE072409221190,L52078,S595021
(01)GF828183772467(17)271231(10)L62877(21)S881445,ICCBBA,GF828183772467,L62877,S881445
(01)SG449190907182(17)271231(10)L57792(21)S065997,HIBCC,SG449190907182,L57792,S065997
(01)AY046029125882(17)271231(10)L64711(21)S993902,GS1,AY046029125882,L64711,S993902
(01)ET955895811135(17)271231(10)L52072(21)S393774,ICCBBA,ET955895811135,L52072,S393774
(01)US787626238304(17)271231(10)L45565(21)S863958,GS1,US787626238304,L45565,S863958
(01)ZZ301735060179(17)271231(10)L65137(21)S059897,ICCBBA,ZZ301735060179,L65137,S059897
(01)DC664538839677(17)271231(10)L73423(21)S926604,GS1,DC664538839677,L73423,S926604
(01)UU193047572214(17)271231(10)L80954(21)S988654,ICCBBA,UU193047572214,L80954,S988654
(01)OR660876722629(17)271231(10)L95294(21)S286571,GS1,OR660876722629,L95294,S286571
(01)CN938727413165(17)271231(10)L96480(21)S128501,HIBCC,CN938727413165,L96480,S128501
(01)JJ047488696543(17)271231(10)L61678(21)S529740,HIBCC,JJ047488696543,L61678,S529740
(01)TR472061306504(17)271231(10)L18934(21)S610182,ICCBBA,TR472061306504,L18934,S610182
(01)LB776910550878(17)271231(10)L97342(21)S824214,GS1,LB776910550878,L97342,S824214
(01)PA848572742586(17)271231(10)L22146(21)S893036,HIBCC,PA848572742586,L22146,S893036
(01)EQ511084970070(17)271231(10)L78883(21)S834421,HIBCC,EQ511084970070,L78883,S834421
(01)RZ740472236815(17)271231(10)L99719(21)S975620,HIBCC,RZ740472236815,L99719,S975620
(01)YQ179363047122(17)271231(10)L39860(21)S812418,ICCBBA,YQ179363047122,L39860,S812418
(01)QX272219057749(17)271231(10)L53430(21)S080123,HIBCC,QX272219057749,L53430,S080123
(01)ZM475729489282(17)271231(10)L76866(21)S818627,ICCBBA,ZM475729489282,L76866,S818627
(01)AJ792732484185(17)271231(10)L88297(21)S567106,ICCBBA,AJ792732484185,L88297,S567106
(01)AU780469721274(17)271231(10)L22501(21)S133901,ICCBBA,AU780469721274,L22501,S133901
(01)VR099395621945(17)271231(10)L31386(21)S248797,ICCBBA,VR099395621945,L31386,S248797
(01)YT091310927830(17)271231(10)L52048(21)S030837,GS1,YT091310927830,L52048,S030837
(01)WL382588301461(17)271231(10)L87556(21)S813823,GS1,WL382588301461,L87556,S813823
(01)XF451907892603(17)271231(10)L27033(21)S887092,GS1,XF451907892603,L27033,S887092
(01)TH747607054406(17)271231(10)L49796(21)S577223,GS1,TH747607054406,L49796,S577223
(01)ZM028227068660(17)271231(10)L89211(21)S460503,HIBCC,ZM028227068660,L89211,S460503
(01)UT142827153388(17)271231(10)L86925(21)S708797,GS1,UT142827153388,L86925,S708797
(01)VR422480325181(17)271231(10)L97063(21)S997969,ICCBBA,VR422480325181,L97063,S997969
(01)PW034583955265(17)271231(10)L35008(21)S047244,GS1,PW034583955265,L35008,S047244
(01)PA141025568941(17)271231(10)L92331(21)S594697,GS1,PA141025568941,L92331,S594697
(01)DN085499993687(17)271231(10)L55730(21)S130542,HIBCC,DN085499993687,L55730,S130542
(01)ZQ865008749987(17)271231(10)L52874(21)S291009,ICCBBA,ZQ865008749987,L52874,S291009
(01)IX355202549782(17)271231(10)L15597(21)S445629,HIBCC,IX355202549782,L15597,S445629
(01)BY159549132660(17)271231(10)L20461(21)S179171,ICCBBA,BY159549132660,L20461,S179171
(01)FX842734257257(17)271231(10)L14063(21)S922848,GS1,FX842734257257,L14063,S922848
(01)LP241653597762(17)271231(10)L67181(21)S906925,GS1,LP241653597762,L67181,S906925
(01)PQ077162735540(17)271231(10)L79195(21)S780456,ICCBBA,PQ077162735540,L79195,S780456
(01)YA397016716742(17)271231(10)L99594(21)S716564,GS1,YA397016716742,L99594,S716564
(01)EP001234797396(17)271231(10)L19436(21)S013163,GS1,EP001234797396,L19436,S013163
(01)HD134453505457(17)271231(10)L92354(21)S128018,GS1,HD134453505457,L92354,S128018
(01)LW957846560500(17)271231(10)L64210(21)S100756,ICCBBA,LW957846560500,L64210,S100756
(01)LE380641212704(17)271231(10)L68577(21)S645342,GS1,LE380641212704,L68577,S645342
(01)FJ017825955722(17)271231(10)L83327(21)S819802,ICCBBA,FJ017825955722,L83327,S819802
(01)CN921309525698(17)271231(10)L62801(21)S801880,GS1,CN921309525698,L62801,S801880
(01)WO597809980621(17)271231(10)L76699(21)S264927,ICCBBA,WO597809980621,L76699,S264927
(01)KU382181214473(17)271231(10)L18900(21)S344982,ICCBBA,KU382181214473,L18900,S344982
(01)XR506561992892(17)271231(10)L74109(21)S238097,HIBCC,XR506561992892,L74109,S238097
(01)XE238147632941(17)271231(10)L21493(21)S002018,HIBCC,XE238147632941,L21493,S002018
(01)UG781170363053(17)271231(10)L85651(21)S341775,GS1,UG781170363053,L85651,S341775
(01)ME953903831205(17)271231(10)L57608(21)S712170,HIBCC,ME953903831205,L57608,S712170
(01)VV219003389552(17)271231(10)L26245(21)S391132,ICCBBA,VV219003389552,L26245,S391132
(01)XT603973378189(17)271231(10)L66511(21)S332413,ICCBBA,XT603973378189,L66511,S332413
(01)IK983944945048(17)271231(10)L22619(21)S445224,GS1,IK983944945048,L22619,S445224
(01)IW603923155471(17)271231(10)L77400(21)S649815,GS1,IW603923155471,L77400,S649815
(01)NT827404377311(17)271231(10)L16914(21)S987723,ICCBBA,NT827404377311,L16914,S987723
(01)XD962964008793(17)271231(10)L01544(21)S148234,ICCBBA,XD962964008793,L01544,S148234
(01)KD614468780508(17)271231(10)L46316(21)S958099,HIBCC,KD614468780508,L46316,S958099
(01)XR032871438666(17)271231(10)L71590(21)S795773,GS1,XR032871438666,L71590,S795773
(01)LM045121800053(17)271231(10)L93154(21)S030991,HIBCC,LM045121800053,L93154,S030991
(01)DU654092231715(17)271231(10)L52368(21)S215030,ICCBBA,DU654092231715,L52368,S215030
(01)KB594278697062(17)271231(10)L16885(21)S504142,HIBCC,KB594278697062,L16885,S504142
(01)TW474183508356(17)271231(10)L87559(21)S355646,HIBCC,TW474183508356,L87559,S355646
(01)FA019311161713(17)271231(10)L63527(21)S506005,GS1,FA019311161713,L63527,S506005
(01)YA483885290061(17)271231(10)L54225(21)S140424,GS1,YA483885290061,L54225,S140424
(01)HR741577136698(17)271231(10)L40020(21)S746055,ICCBBA,HR741577136698,L40020,S746055
(01)UE541987639592(17)271231(10)L38233(21)S333599,HIBCC,UE541987639592,L38233,S333599
(01)AE990609357085(17)271231(10)L72078(21)S250251,GS1,AE990609357085,L72078,S250251
(01)IQ484998881057(17)271231(10)L70571(21)S835292,GS1,IQ484998881057,L70571,S835292
(01)HY038902500223(17)271231(10)L38375(21)S945351,GS1,HY038902500223,L38375,S945351
(01)OE092088315250(17)271231(10)L76527(21)S848405,GS1,OE092088315250,L76527,S848405
(01)OU920899174178(17)271231(10)L67390(21)S507943,GS1,OU920899174178,L67390,S507943
(01)NK750216579619(17)271231(10)L76424(21)S018883,HIBCC,NK750216579619,L76424,S018883
(01)LQ368313334457(17)271231(10)L88163(21)S054774,ICCBBA,LQ368313334457,L88163,S054774
(01)IU729484217514(17)271231(10)L76514(21)S666881,GS1,IU729484217514,L76514,S666881
(01)NC331601178964(17)271231(10)L39003(21)S801452,ICCBBA,NC331601178964,L39003,S801452
(01)GJ393298642941(17)271231(10)L61559(21)S584738,HIBCC,GJ393298642941,L61559,S584738
(01)YI602415739281(17)271231(10)L53411(21)S332254,ICCBBA,YI602415739281,L53411,S332254
(01)KT199817053810(17)271231(10)L70152(21)S546643,ICCBBA,KT199817053810,L70152,S546643
(01)SH745780650309(17)271231(10)L66142(21)S926961,HIBCC,SH745780650309,L66142,S926961
(01)JU690570872572(17)271231(10)L85592(21)S941474,ICCBBA,JU690570872572,L85592,S941474
(01)RS955320236032(17)271231(10)L04079(21)S254103,HIBCC,RS955320236032,L04079,S254103
(01)HJ596242589848(17)271231(10)L31508(21)S720108,HIBCC,HJ596242589848,L31508,S720108
(01)HZ598955347013(17)271231(10)L86561(21)S465110,HIBCC,HZ598955347013,L86561,S465110
(01)CU535600467461(17)271231(10)L51115(21)S698174,ICCBBA,CU535600467461,L51115,S698174
(01)OL138475936088(17)271231(10)L15166(21)S363304,HIBCC,OL138475936088,L15166,S363304
(01)VQ533520941287(17)271231(10)L85549(21)S982901,ICCBBA,VQ533520941287,L85549,S982901
(01)GB443568965597(17)271231(10)L27126(21)S928505,HIBCC,GB443568965597,L27126,S928505
(01)NY202639124335(17)271231(10)L47348(21)S046525,GS1,NY202639124335,L47348,S046525
(01)JU058746972757(17)271231(10)L27063(21)S978610,GS1,JU058746972757,L27063,S978610
(01)TX751734613520(17)271231(10)L15362(21)S195560,GS1,TX751734613520,L15362,S195560
(01)JB706931657840(17)271231(10)L16753(21)S582973,GS1,JB706931657840,L16753,S582973
(01)ED679497405224(17)271231(10)L77323(21)S392558,ICCBBA,ED679497405224,L77323,S392558
(01)VW001857766486(17)271231(10)L09685(21)S935142,ICCBBA,VW001857766486,L09685,S935142
(01)UN815241646080(17)271231(10)L63929(21)S385203,GS1,UN815241646080,L63929,S385203
(01)NH183996753999(17)271231(10)L12595(21)S083605,ICCBBA,NH183996753999,L12595,S083605
(01)HO103863406940(17)271231(10)L18150(21)S367836,GS1,HO103863406940,L18150,S367836
(01)HZ361780243161(17)271231(10)L49359(21)S859166,HIBCC,HZ361780243161,L49359,S859166
(01)YY780051399433(17)271231(10)L54058(21)S727070,HIBCC,YY780051399433,L54058,S727070
(01)GW239102548279(17)271231(10)L06028(21)S851725,GS1,GW239102548279,L06028,S851725
(01)QA338971361599(17)271231(10)L50118(21)S525067,GS1,QA338971361599,L50118,S525067
(01)YY805900005381(17)271231(10)L20772(21)S499561,ICCBBA,YY805900005381,L20772,S499561
(01)GZ199531053522(17)271231(10)L70718(21)S956946,HIBCC,GZ199531053522,L70718,S956946
(01)XJ865100478488(17)271231(10)L19361(21)S398573,HIBCC,XJ865100478488,L19361,S398573
(01)IW565494279218(17)271231(10)L66859(21)S882394,GS1,IW565494279218,L66859,S882394
(01)SQ377778358323(17)271231(10)L55029(21)S162819,GS1,SQ377778358323,L55029,S162819
(01)SS308562906113(17)271231(10)L43727(21)S098155,GS1,SS308562906113,L43727,S098155
(01)RV047662035328(17)271231(10)L88671(21)S885025,GS1,RV047662035328,L88671,S885025
(01)BH944699618378(17)271231(10)L76447(21)S595883,HIBCC,BH944699618378,L76447,S595883
(01)IG220344856036(17)271231(10)L29331(21)S961616,HIBCC,IG220344856036,L29331,S961616
(01)ZN618691021552(17)271231(10)L10977(21)S213155,GS1,ZN618691021552,L10977,S213155
(01)IY565898080807(17)271231(10)L91116(21)S886106,ICCBBA,IY565898080807,L91116,S886106
(01)TO114853820946(17)271231(10)L67291(21)S232730,ICCBBA,TO114853820946,L67291,S232730
(01)CV619755839981(17)271231(10)L28613(21)S803904,HIBCC,CV619755839981,L28613,S803904
(01)VU049264495354(17)271231(10)L43308(21)S963287,GS1,VU049264495354,L43308,S963287
(01)XO243429195135(17)271231(10)L03000(21)S303162,HIBCC,XO243429195135,L03000,S303162
(01)MH999818316991(17)271231(10)L57394(21)S467804,GS1,MH999818316991,L57394,S467804
(01)BZ658195696137(17)271231(10)L02907(21)S651874,GS1,BZ658195696137,L02907,S651874
(01)WP101527482727(17)271231(10)L71314(21)S691172,ICCBBA,WP101527482727,L71314,S691172
(01)TL141814560244(17)271231(10)L93572(21)S114063,HIBCC,TL141814560244,L93572,S114063
(01)WF852275152921(17)271231(10)L44616(21)S731522,HIBCC,WF852275152921,L44616,S731522
(01)QI098327675385(17)271231(10)L53191(21)S153536,HIBCC,QI098327675385,L53191,S153536
(01)KO997469245586(17)271231(10)L48797(21)S210416,GS1,KO997469245586,L48797,S210416
(01)AC508054477224(17)271231(10)L52484(21)S009007,ICCBBA,AC508054477224,L52484,S009007
(01)QO229736232898(17)271231(10)L92020(21)S439222,GS1,QO229736232898,L92020,S439222
(01)EV893723281892(17)271231(10)L28070(21)S712523,HIBCC,EV893723281892,L28070,S712523
(01)AB188455077048(17)271231(10)L95528(21)S749349,GS1,AB188455077048,L95528,S749349
(01)QQ177526128991(17)271231(10)L34196(21)S366153,GS1,QQ177526128991,L34196,S366153
(01)DG076579245145(17)271231(10)L72528(21)S621098,ICCBBA,DG076579245145,L72528,S621098
(01)YX455324597085(17)271231(10)L96452(21)S470664,HIBCC,YX455324597085,L96452,S470664
(01)YY836333099964(17)271231(10)L95102(21)S049539,ICCBBA,YY836333099964,L95102,S049539
(01)PS297685815253(17)271231(10)L76859(21)S260053,HIBCC,PS297685815253,L76859,S260053
(01)SZ018720991268(17)271231(10)L26616(21)S470805,GS1,SZ018720991268,L26616,S470805
(01)QT446704280118(17)271231(10)L74110(21)S957393,GS1,QT446704280118,L74110,S957393
(01)WA873177750791(17)271231(10)L25839(21)S943541,GS1,WA873177750791,L25839,S943541
(01)WL149181055109(17)271231(10)L85266(21)S284527,GS1,WL149181055109,L85266,S284527
(01)ZR973352262510(17)271231(10)L85998(21)S864101,ICCBBA,ZR973352262510,L85998,S864101
(01)RY301423103474(17)271231(10)L39039(21)S447783,HIBCC,RY301423103474,L39039,S447783
(01)RT853955509419(17)271231(10)L61702(21)S093269,GS1,RT853955509419,L61702,S093269
(01)ZA708290551364(17)271231(10)L30832(21)S623199,ICCBBA,ZA708290551364,L30832,S623199
(01)BC981275085259(17)271231(10)L11852(21)S508431,GS1,BC981275085259,L11852,S508431
(01)GP319351258387(17)271231(10)L94978(21)S254516,ICCBBA,GP319351258387,L94978,S254516
(01)FT721792601112(17)271231(10)L27675(21)S966355,GS1,FT721792601112,L27675,S966355
(01)GA879627148387(17)271231(10)L74871(21)S544897,ICCBBA,GA879627148387,L74871,S544897
(01)HG318525963021(17)271231(10)L12496(21)S818930,GS1,HG318525963021,L12496,S818930
(01)TG340812133037(17)271231(10)L83189(21)S663038,HIBCC,TG340812133037,L83189,S663038
(01)WA726385682877(17)271231(10)L53894(21)S374780,HIBCC,WA726385682877,L53894,S374780
(01)AT699113239542(17)271231(10)L16474(21)S073512,ICCBBA,AT699113239542,L16474,S073512
(01)CS408980216466(17)271231(10)L09159(21)S618711,HIBCC,CS408980216466,L09159,S618711
(01)IK298169130862(17)271231(10)L67275(21)S991211,HIBCC,IK298169130862,L67275,S991211
(01)BK130684239636(17)271231(10)L72851(21)S427035,HIBCC,BK130684239636,L72851,S427035
(01)VT143777707310(17)271231(10)L07985(21)S023706,GS1,VT143777707310,L07985,S023706
(01)CS752340889473(17)271231(10)L66039(21)S411990,HIBCC,CS752340889473,L66039,S411990
(01)PU399487552502(17)271231(10)L93443(21)S302720,GS1,PU399487552502,L93443,S302720
(01)IF820311999365(17)271231(10)L13532(21)S277032,ICCBBA,IF820311999365,L13532,S277032
(01)VP352112972912(17)271231(10)L46867(21)S724466,ICCBBA,VP352112972912,L46867,S724466
(01)HV022305606451(17)271231(10)L42782(21)S893488,ICCBBA,HV022305606451,L42782,S893488
(01)OT331160130885(17)271231(10)L33977(21)S708675,GS1,OT331160130885,L33977,S708675
(01)HP142816651280(17)271231(10)L62681(21)S595816,ICCBBA,HP142816651280,L62681,S595816
(01)PJ677959529641(17)271231(10)L77294(21)S132888,HIBCC,PJ677959529641,L77294,S132888
(01)YO187612919776(17)271231(10)L02006(21)S665184,GS1,YO187612919776,L02006,S665184
(01)CR641028640172(17)271231(10)L45602(21)S245331,GS1,CR641028640172,L45602,S245331
(01)AV789959236171(17)271231(10)L92005(21)S694109,GS1,AV789959236171,L92005,S694109
(01)IL584463262055(17)271231(10)L25634(21)S186556,ICCBBA,IL584463262055,L25634,S186556
(01)RZ841230577104(17)271231(10)L23172(21)S896343,HIBCC,RZ841230577104,L23172,S896343
(01)GY810095560716(17)271231(10)L27050(21)S459481,ICCBBA,GY810095560716,L27050,S459481
(01)ST091501500695(17)271231(10)L08470(21)S666266,ICCBBA,ST091501500695,L08470,S666266
(01)LR528235760497(17)271231(10)L23076(21)S676720,ICCBBA,LR528235760497,L23076,S676720
(01)CG100515680502(17)271231(10)L40182(21)S090774,ICCBBA,CG100515680502,L40182,S090774
(01)KL418337710938(17)271231(10)L81500(21)S324444,ICCBBA,KL418337710938,L81500,S324444
(01)ZC406180890580(17)271231(10)L41837(21)S519360,ICCBBA,ZC406180890580,L41837,S519360
(01)PI494581367388(17)271231(10)L41125(21)S414890,ICCBBA,PI494581367388,L41125,S414890
(01)QA346240609768(17)271231(10)L94024(21)S811417,GS1,QA346240609768,L94024,S811417
(01)ZY596870975723(17)271231(10)L44109(21)S734820,GS1,ZY596870975723,L44109,S734820
(01)FE483662112042(17)271231(10)L83723(21)S064498,HIBCC,FE483662112042,L83723,S064498
(01)PZ664242716312(17)271231(10)L38631(21)S539018,ICCBBA,PZ664242716312,L38631,S539018
(01)JV018223280198(17)271231(10)L21111(21)S027815,HIBCC,JV018223280198,L21111,S027815
(01)AO801900902805(17)271231(10)L55085(21)S561815,GS1,AO801900902805,L55085,S561815
(01)AR659650544165(17)271231(10)L29537(21)S034521,HIBCC,AR659650544165,L29537,S034521
(01)JR431489811884(17)271231(10)L02815(21)S399067,HIBCC,JR431489811884,L02815,S399067
(01)PI784858141107(17)271231(10)L68826(21)S723745,ICCBBA,PI784858141107,L68826,S723745
(01)IV776639431430(17)271231(10)L45856(21)S318271,ICCBBA,IV776639431430,L45856,S318271
(01)SB574919570996(17)271231(10)L51958(21)S134870,GS1,SB574919570996,L51958,S134870
(01)PW723558853272(17)271231(10)L71272(21)S064644,GS1,PW723558853272,L71272,S064644
(01)RY157980012240(17)271231(10)L12367(21)S989582,ICCBBA,RY157980012240,L12367,S989582
(01)LK478958412793(17)271231(10)L97063(21)S530596,GS1,LK478958412793,L97063,S530596
(01)WA915422496401(17)271231(10)L53227(21)S660814,GS1,WA915422496401,L53227,S660814
(01)NJ623004477197(17)271231(10)L72276(21)S451848,HIBCC,NJ623004477197,L72276,S451848
(01)BV473318279385(17)271231(10)L12297(21)S689608,ICCBBA,BV473318279385,L12297,S689608
(01)AW152248036843(17)271231(10)L30758(21)S970399,HIBCC,AW152248036843,L30758,S970399
(01)GD675014228642(17)271231(10)L05093(21)S185960,GS1,GD675014228642,L05093,S185960
(01)GG267918477375(17)271231(10)L23904(21)S032470,ICCBBA,GG267918477375,L23904,S032470
(01)IU015213029728(17)271231(10)L85966(21)S842085,GS1,IU015213029728,L85966,S842085
(01)NN328183816032(17)271231(10)L21582(21)S978928,HIBCC,NN328183816032,L21582,S978928
(01)UQ661803328630(17)271231(10)L82828(21)S023352,ICCBBA,UQ661803328630,L82828,S023352
(01)JM226604416781(17)271231(10)L76512(21)S017742,HIBCC,JM226604416781,L76512,S017742
(01)FD639786659283(17)271231(10)L71616(21)S147170,ICCBBA,FD639786659283,L71616,S147170
(01)AG343591239792(17)271231(10)L31715(21)S981436,HIBCC,AG343591239792,L31715,S981436
(01)IR580627039367(17)271231(10)L90389(21)S615083,ICCBBA,IR580627039367,L90389,S615083
(01)CI172251228057(17)271231(10)L40355(21)S955228,HIBCC,CI172251228057,L40355,S955228
(01)ZD127838548702(17)271231(10)L89540(21)S742226,HIBCC,ZD127838548702,L89540,S742226
(01)IZ096570415573(17)271231(10)L93366(21)S953239,ICCBBA,IZ096570415573,L93366,S953239
(01)EK692273638191(17)271231(10)L70531(21)S190076,HIBCC,EK692273638191,L70531,S190076
(01)WI572356675425(17)271231(10)L04771(21)S541584,HIBCC,WI572356675425,L04771,S541584
(01)JC421418616945(17)271231(10)L03505(21)S899869,HIBCC,JC421418616945,L03505,S899869
(01)QU834407922208(17)271231(10)L87281(21)S332774,HIBCC,QU834407922208,L87281,S332774
(01)QV324761449649(17)271231(10)L25534(21)S230243,GS1,QV324761449649,L25534,S230243
(01)FT076720210937(17)271231(10)L38456(21)S728844,ICCBBA,FT076720210937,L38456,S728844
(01)DG262735089805(17)271231(10)L04548(21)S626453,ICCBBA,DG262735089805,L04548,S626453
(01)SA876062078504(17)271231(10)L68518(21)S262171,ICCBBA,SA876062078504,L68518,S262171
(01)YI979761879766(17)271231(10)L34979(21)S581315,HIBCC,YI979761879766,L34979,S581315
(01)AU841806436967(17)271231(10)L92529(21)S088370,ICCBBA,AU841806436967,L92529,S088370
(01)JJ225470616389(17)271231(10)L32787(21)S385623,GS1,JJ225470616389,L32787,S385623
(01)RX978049498536(17)271231(10)L12331(21)S332948,HIBCC,RX978049498536,L12331,S332948
(01)KG069820237706(17)271231(10)L19883(21)S907849,ICCBBA,KG069820237706,L19883,S907849
(01)UE274778891881(17)271231(10)L22441(21)S736751,ICCBBA,UE274778891881,L22441,S736751
(01)MJ146795748258(17)271231(10)L70562(21)S823576,ICCBBA,MJ146795748258,L70562,S823576
(01)DG540719974763(17)271231(10)L15759(21)S659908,GS1,DG540719974763,L15759,S659908
(01)IM011394388232(17)271231(10)L73940(21)S408007,HIBCC,IM011394388232,L73940,S408007
(01)AH688530760857(17)271231(10)L13632(21)S379039,ICCBBA,AH688530760857,L13632,S379039
(01)DB812405209495(17)271231(10)L80579(21)S253169,HIBCC,DB812405209495,L80579,S253169
(01)PL809145175077(17)271231(10)L12907(21)S626228,ICCBBA,PL809145175077,L12907,S626228
(01)KS369561126512(17)271231(10)L22267(21)S946064,HIBCC,KS369561126512,L22267,S946064
(01)RX838767063532(17)271231(10)L84928(21)S882357,HIBCC,RX838767063532,L84928,S882357
(01)GG861697627261(17)271231(10)L57731(21)S786247,HIBCC,GG861697627261,L57731,S786247
(01)GC551307267341(17)271231(10)L14119(21)S418262,GS1,GC551307267341,L14119,S418262
(01)CS470454142246(17)271231(10)L65989(21)S963481,ICCBBA,CS470454142246,L65989,S963481
(01)CA143311139915(17)271231(10)L92406(21)S478655,ICCBBA,CA143311139915,L92406,S478655
(01)AA710017798827(17)271231(10)L25943(21)S162820,GS1,AA710017798827,L25943,S162820
(01)IG993570085292(17)271231(10)L73706(21)S763228,ICCBBA,IG993570085292,L73706,S763228
(01)KV464688566108(17)271231(10)L16855(21)S782728,ICCBBA,KV464688566108,L16855,S782728
(01)QU819281020282(17)271231(10)L52142(21)S496592,GS1,QU819281020282,L52142,S496592
(01)HC277105890837(17)271231(10)L24283(21)S279829,ICCBBA,HC277105890837,L24283,S279829
(01)JC446200846498(17)271231(10)L21271(21)S137001,ICCBBA,JC446200846498,L21271,S137001
(01)EJ522185786660(17)271231(10)L63663(21)S940345,GS1,EJ522185786660,L63663,S940345
(01)XI997482986963(17)271231(10)L49643(21)S550183,HIBCC,XI997482986963,L49643,S550183
(01)WT171242360450(17)271231(10)L15077(21)S289557,HIBCC,WT171242360450,L15077,S289557
(01)WD879856300964(17)271231(10)L35121(21)S291858,HIBCC,WD879856300964,L35121,S291858
(01)JP894878542550(17)271231(10)L89328(21)S415807,HIBCC,JP894878542550,L89328,S415807
(01)GA300844743351(17)271231(10)L54553(21)S973558,ICCBBA,GA300844743351,L54553,S973558
(01)EP502471364999(17)271231(10)L04549(21)S541752,HIBCC,EP502471364999,L04549,S541752
(01)WB315438855967(17)271231(10)L88047(21)S928901,GS1,WB315438855967,L88047,S928901
(01)BE150765007839(17)271231(10)L63296(21)S873772,HIBCC,BE150765007839,L63296,S873772
(01)CT459220158907(17)271231(10)L91373(21)S277284,ICCBBA,CT459220158907,L91373,S277284
(01)DO069621421870(17)271231(10)L54266(21)S329528,HIBCC,DO069621421870,L54266,S329528
(01)IC895812060370(17)271231(10)L14394(21)S907473,GS1,IC895812060370,L14394,S907473
(01)LK052291127849(17)271231(10)L15190(21)S329414,GS1,LK052291127849,L15190,S329414
(01)XG026266693095(17)271231(10)L79093(21)S609619,ICCBBA,XG026266693095,L79093,S609619
(01)JW333908947123(17)271231(10)L68745(21)S259043,ICCBBA,JW333908947123,L68745,S259043
(01)FN098915759759(17)271231(10)L99475(21)S767007,GS1,FN098915759759,L99475,S767007
(01)HB475346641660(17)271231(10)L21137(21)S376009,GS1,HB475346641660,L21137,S376009
(01)HG507064781923(17)271231(10)L90486(21)S978507,HIBCC,HG507064781923,L90486,S978507
(01)KC197843911355(17)271231(10)L93362(21)S097455,HIBCC,KC197843911355,L93362,S097455
(01)CX336992294620(17)271231(10)L42577(21)S279787,HIBCC,CX336992294620,L42577,S279787
(01)GH842807796666(17)271231(10)L87352(21)S136921,GS1,GH842807796666,L87352,S136921
(01)NZ794587891047(17)271231(10)L45399(21)S145336,ICCBBA,NZ794587891047,L45399,S145336
(01)OG367900030050(17)271231(10)L41440(21)S061573,ICCBBA,OG367900030050,L41440,S061573
(01)PU008841377321(17)271231(10)L64398(21)S225345,ICCBBA,PU008841377321,L64398,S225345
(01)OQ511365556639(17)271231(10)L50366(21)S522836,ICCBBA,OQ511365556639,L50366,S522836
(01)YP165957808039(17)271231(10)L80033(21)S855103,ICCBBA,YP165957808039,L80033,S855103
(01)QH963720747129(17)271231(10)L77414(21)S884550,HIBCC,QH963720747129,L77414,S884550
(01)AE910459950844(17)271231(10)L22409(21)S451488,GS1,AE910459950844,L22409,S451488
(01)SD834382632960(17)271231(10)L02703(21)S042445,GS1,SD834382632960,L02703,S042445
(01)MJ325080712650(17)271231(10)L04365(21)S717939,GS1,MJ325080712650,L04365,S717939
(01)ES114782538909(17)271231(10)L47798(21)S995680,GS1,ES114782538909,L47798,S995680
(01)LP220751523505(17)271231(10)L94290(21)S159693,HIBCC,LP220751523505,L94290,S159693
(01)SZ938741321452(17)271231(10)L50485(21)S876519,GS1,SZ938741321452,L50485,S876519
(01)IR742111680480(17)271231(10)L20635(21)S584069,ICCBBA,IR742111680480,L20635,S584069
(01)IK672429437575(17)271231(10)L44132(21)S043174,HIBCC,IK672429437575,L44132,S043174
(01)MR979718612465(17)271231(10)L52553(21)S712812,HIBCC,MR979718612465,L52553,S712812
(01)OC390118216507(17)271231(10)L28541(21)S775402,ICCBBA,OC390118216507,L28541,S775402
(01)YA181775576914(17)271231(10)L56710(21)S926506,HIBCC,YA181775576914,L56710,S926506
(01)JZ210639667543(17)271231(10)L84206(21)S907735,HIBCC,JZ210639667543,L84206,S907735
(01)WK628888315685(17)271231(10)L76664(21)S091431,GS1,WK628888315685,L76664,S091431
(01)WK264378504406(17)271231(10)L90437(21)S443574,HIBCC,WK264378504406,L90437,S443574
(01)EC779213264811(17)271231(10)L14216(21)S095735,HIBCC,EC779213264811,L14216,S095735
(01)NO701694114052(17)271231(10)L87059(21)S504247,ICCBBA,NO701694114052,L87059,S504247
(01)UE393168718695(17)271231(10)L49271(21)S021708,HIBCC,UE393168718695,L49271,S021708
(01)OI469276636604(17)271231(10)L02829(21)S151011,ICCBBA,OI469276636604,L02829,S151011
(01)IK132021366328(17)271231(10)L81265(21)S913371,HIBCC,IK132021366328,L81265,S913371
(01)KR142610748310(17)271231(10)L79573(21)S263154,ICCBBA,KR142610748310,L79573,S263154
(01)EC086852704178(17)271231(10)L55351(21)S164812,GS1,EC086852704178,L55351,S164812
(01)CF105344540695(17)271231(10)L48679(21)S103300,ICCBBA,CF105344540695,L48679,S103300
(01)VI858109309249(17)271231(10)L32122(21)S067468,HIBCC,VI858109309249,L32122,S067468
(01)SK091173121479(17)271231(10)L15028(21)S746780,HIBCC,SK091173121479,L15028,S746780
(01)NI026053227637(17)271231(10)L18605(21)S770035,HIBCC,NI026053227637,L18605,S770035
(01)YB940809489481(17)271231(10)L98837(21)S343938,ICCBBA,YB940809489481,L98837,S343938
(01)LT792236008394(17)271231(10)L31310(21)S635929,HIBCC,LT792236008394,L31310,S635929
(01)GD878780463826(17)271231(10)L68819(21)S719336,GS1,GD878780463826,L68819,S719336
(01)CR869589084034(17)271231(10)L27469(21)S468053,ICCBBA,CR869589084034,L27469,S468053
(01)GK679470862401(17)271231(10)L58308(21)S878192,ICCBBA,GK679470862401,L58308,S878192
(01)ZW948114403301(17)271231(10)L14781(21)S736737,ICCBBA,ZW948114403301,L14781,S736737
(01)NU849731202325(17)271231(10)L10350(21)S087814,GS1,NU849731202325,L10350,S087814
(01)VU300290558129(17)271231(10)L77889(21)S395498,GS1,VU300290558129,L77889,S395498
(01)HO985401181751(17)271231(10)L40025(21)S599692,HIBCC,HO985401181751,L40025,S599692
(01)LR866718903471(17)271231(10)L46544(21)S151496,ICCBBA,LR866718903471,L46544,S151496
(01)PM246555388092(17)271231(10)L20234(21)S966454,GS1,PM246555388092,L20234,S966454
(01)RR262028931058(17)271231(10)L10651(21)S643681,ICCBBA,RR262028931058,L10651,S643681
(01)AA094788207209(17)271231(10)L87197(21)S016578,HIBCC,AA094788207209,L87197,S016578
(01)HA631112585500(17)271231(10)L59410(21)S903200,ICCBBA,HA631112585500,L59410,S903200
(01)PO906410836411(17)271231(10)L67402(21)S431456,GS1,PO906410836411,L67402,S431456
(01)WZ923421267581(17)271231(10)L57593(21)S681755,ICCBBA,WZ923421267581,L57593,S681755
(01)UB423081431850(17)271231(10)L03517(21)S100248,GS1,UB423081431850,L03517,S100248
(01)DV435730913214(17)271231(10)L25730(21)S553798,ICCBBA,DV435730913214,L25730,S553798
(01)YH267583440711(17)271231(10)L54084(21)S597383,HIBCC,YH267583440711,L54084,S597383
(01)WN917115269299(17)271231(10)L28635(21)S956760,HIBCC,WN917115269299,L28635,S956760
(01)NZ091860411888(17)271231(10)L09921(21)S181277,ICCBBA,NZ091860411888,L09921,S181277
(01)JB460752269611(17)271231(10)L49152(21)S675147,GS1,JB460752269611,L49152,S675147
(01)OQ197273699500(17)271231(10)L50656(21)S608078,HIBCC,OQ197273699500,L50656,S608078
(01)OM033525385201(17)271231(10)L35160(21)S573530,ICCBBA,OM033525385201,L35160,S573530
(01)PA854801330823(17)271231(10)L22753(21)S089822,ICCBBA,PA854801330823,L22753,S089822
(01)BC797054035498(17)271231(10)L44246(21)S541047,GS1,BC797054035498,L44246,S541047
(01)AO335584274665(17)271231(10)L86960(21)S961542,ICCBBA,AO335584274665,L86960,S961542
(01)VF711323958543(17)271231(10)L58829(21)S482108,HIBCC,VF711323958543,L58829,S482108
(01)EQ454519087799(17)271231(10)L59485(21)S217444,ICCBBA,EQ454519087799,L59485,S217444
(01)QW570935176972(17)271231(10)L73664(21)S684726,GS1,QW570935176972,L73664,S684726
(01)UJ731229190649(17)271231(10)L54850(21)S181917,GS1,UJ731229190649,L54850,S181917
(01)FM045876529286(17)271231(10)L65234(21)S817615,ICCBBA,FM045876529286,L65234,S817615
(01)KG231161162417(17)271231(10)L60452(21)S160285,ICCBBA,KG231161162417,L60452,S160285
(01)EH422057795752(17)271231(10)L07807(21)S569789,HIBCC,EH422057795752,L07807,S569789
(01)SD730226377761(17)271231(10)L44722(21)S966006,HIBCC,SD730226377761,L44722,S966006
(01)ZI837256021114(17)271231(10)L44161(21)S343175,GS1,ZI837256021114,L44161,S343175
(01)TB116846187726(17)271231(10)L01210(21)S591292,ICCBBA,TB116846187726,L01210,S591292
(01)MF946797646812(17)271231(10)L27863(21)S063815,HIBCC,MF946797646812,L27863,S063815
(01)ZK161145031047(17)271231(10)L69272(21)S354478,ICCBBA,ZK161145031047,L69272,S354478
(01)DE124410465000(17)271231(10)L74518(21)S733244,ICCBBA,DE124410465000,L74518,S733244
(01)FF883247954834(17)271231(10)L98231(21)S032197,ICCBBA,FF883247954834,L98231,S032197
(01)PZ858389337723(17)271231(10)L32618(21)S916354,ICCBBA,PZ858389337723,L32618,S916354
(01)SE743171870916(17)271231(10)L38822(21)S718394,GS1,SE743171870916,L38822,S718394
(01)BI134094285100(17)271231(10)L38688(21)S210405,HIBCC,BI134094285100,L38688,S210405
(01)SZ349362219413(17)271231(10)L87070(21)S598784,ICCBBA,SZ349362219413,L87070,S598784
(01)KJ491181510310(17)271231(10)L16198(21)S348797,HIBCC,KJ491181510310,L16198,S348797
(01)PB373622058719(17)271231(10)L55129(21)S908742,ICCBBA,PB373622058719,L55129,S908742
(01)JP971572926879(17)271231(10)L32256(21)S350186,GS1,JP971572926879,L32256,S350186
(01)IB598332513360(17)271231(10)L99174(21)S070079,ICCBBA,IB598332513360,L99174,S070079
(01)YT989731168546(17)271231(10)L66529(21)S110562,GS1,YT989731168546,L66529,S110562
(01)BN673179491066(17)271231(10)L90764(21)S531718,GS1,BN673179491066,L90764,S531718
(01)PD945143737474(17)271231(10)L00373(21)S147484,ICCBBA,PD945143737474,L00373,S147484
(01)CW980338824751(17)271231(10)L23616(21)S345963,GS1,CW980338824751,L23616,S345963
(01)TM936481376735(17)271231(10)L81883(21)S948078,ICCBBA,TM936481376735,L81883,S948078
(01)VG201368274800(17)271231(10)L89046(21)S614876,HIBCC,VG201368274800,L89046,S614876
(01)GK288215211341(17)271231(10)L43947(21)S795329,ICCBBA,GK288215211341,L43947,S795329
(01)BA032536907838(17)271231(10)L88201(21)S864108,HIBCC,BA032536907838,L88201,S864108
(01)ZO850216110367(17)271231(10)L38326(21)S074804,ICCBBA,ZO850216110367,L38326,S074804
(01)PW924462745523(17)271231(10)L33478(21)S301231,HIBCC,PW924462745523,L33478,S301231
(01)MK270681037324(17)271231(10)L65640(21)S265829,HIBCC,MK270681037324,L65640,S265829
(01)NQ606124058572(17)271231(10)L97358(21)S753397,GS1,NQ606124058572,L97358,S753397
(01)LH734518076981(17)271231(10)L62206(21)S975191,ICCBBA,LH734518076981,L62206,S975191
(01)JU351140183630(17)271231(10)L87224(21)S965018,ICCBBA,JU351140183630,L87224,S965018
(01)IB437322388229(17)271231(10)L48190(21)S109414,GS1,IB437322388229,L48190,S109414
(01)RO138382298185(17)271231(10)L01951(21)S381228,HIBCC,RO138382298185,L01951,S381228
(01)LR679015892415(17)271231(10)L50891(21)S156478,HIBCC,LR679015892415,L50891,S156478
(01)SS030431473285(17)271231(10)L04200(21)S185618,GS1,SS030431473285,L04200,S185618
(01)EP977685859848(17)271231(10)L78183(21)S192509,ICCBBA,EP977685859848,L78183,S192509
(01)UH655455420164(17)271231(10)L24367(21)S945052,HIBCC,UH655455420164,L24367,S945052
(01)DC912190975987(17)271231(10)L16329(21)S294990,HIBCC,DC912190975987,L16329,S294990
(01)OK119103668826(17)271231(10)L40825(21)S313750,GS1,OK119103668826,L40825,S313750
(01)EY476626028557(17)271231(10)L18144(21)S088741,GS1,EY476626028557,L18144,S088741
(01)WG746074602629(17)271231(10)L69040(21)S796496,ICCBBA,WG746074602629,L69040,S796496
(01)IF746109740762(17)271231(10)L83662(21)S329077,ICCBBA,IF746109740762,L83662,S329077
(01)PQ011115529426(17)271231(10)L44197(21)S593670,GS1,PQ011115529426,L44197,S593670
(01)FN154696348644(17)271231(10)L83844(21)S150257,GS1,FN154696348644,L83844,S150257
(01)NQ165692743855(17)271231(10)L76577(21)S656230,HIBCC,NQ165692743855,L76577,S656230
(01)VI103885849333(17)271231(10)L07770(21)S519785,GS1,VI103885849333,L07770,S519785
(01)CQ233944623614(17)271231(10)L38108(21)S223282,ICCBBA,CQ233944623614,L38108,S223282
(01)JY771552301599(17)271231(10)L28577(21)S653094,HIBCC,JY771552301599,L28577,S653094
(01)HI184587222515(17)271231(10)L04774(21)S223499,ICCBBA,HI184587222515,L04774,S223499
(01)OT029126844571(17)271231(10)L09957(21)S885650,HIBCC,OT029126844571,L09957,S885650
(01)MX792769111937(17)271231(10)L56504(21)S477663,HIBCC,MX792769111937,L56504,S477663
(01)DX420741601598(17)271231(10)L71548(21)S511090,ICCBBA,DX420741601598,L71548,S511090
(01)FH564240380961(17)271231(10)L99881(21)S209489,HIBCC,FH564240380961,L99881,S209489
(01)NW130785775058(17)271231(10)L99435(21)S107779,ICCBBA,NW130785775058,L99435,S107779
(01)VP138068231653(17)271231(10)L04576(21)S333858,GS1,VP138068231653,L04576,S333858
(01)QN457686252384(17)271231(10)L10537(21)S427381,GS1,QN457686252384,L10537,S427381
(01)TZ777184721540(17)271231(10)L45166(21)S689498,HIBCC,TZ777184721540,L45166,S689498
(01)JC376201220158(17)271231(10)L41104(21)S551401,GS1,JC376201220158,L41104,S551401
(01)OG293912501812(17)271231(10)L32612(21)S177091,HIBCC,OG293912501812,L32612,S177091
(01)GI736756249934(17)271231(10)L96267(21)S770430,GS1,GI736756249934,L96267,S770430
(01)YF872124012651(17)271231(10)L97522(21)S075196,GS1,YF872124012651,L97522,S075196
(01)DB849734226359(17)271231(10)L29469(21)S505701,HIBCC,DB849734226359,L29469,S505701
(01)OM375358142216(17)271231(10)L47041(21)S058827,GS1,OM375358142216,L47041,S058827
(01)AK968130275449(17)271231(10)L88450(21)S793341,ICCBBA,AK968130275449,L88450,S793341
(01)JW518438541311(17)271231(10)L06326(21)S127957,GS1,JW518438541311,L06326,S127957
(01)MW898049725674(17)271231(10)L84483(21)S096397,GS1,MW898049725674,L84483,S096397
(01)HV568078412135(17)271231(10)L64273(21)S050262,HIBCC,HV568078412135,L64273,S050262
(01)JA995434828612(17)271231(10)L24026(21)S099518,GS1,JA995434828612,L24026,S099518
(01)NI784055400051(17)271231(10)L84086(21)S587892,HIBCC,NI784055400051,L84086,S587892
(01)SJ549404923320(17)271231(10)L33829(21)S260025,ICCBBA,SJ549404923320,L33829,S260025
(01)PY083087921165(17)271231(10)L32971(21)S028286,ICCBBA,PY083087921165,L32971,S028286
(01)PT297875208904(17)271231(10)L14001(21)S405224,HIBCC,PT297875208904,L14001,S405224
(01)CQ947050942252(17)271231(10)L04297(21)S098239,ICCBBA,CQ947050942252,L04297,S098239
(01)KW485168345796(17)271231(10)L52328(21)S473159,GS1,KW485168345796,L52328,S473159
(01)KF100969992353(17)271231(10)L46303(21)S897867,ICCBBA,KF100969992353,L46303,S897867
(01)QQ319829120491(17)271231(10)L59128(21)S137891,GS1,QQ319829120491,L59128,S137891
(01)XW791004926693(17)271231(10)L80826(21)S497962,GS1,XW791004926693,L80826,S497962
(01)FJ355822867398(17)271231(10)L66613(21)S052463,ICCBBA,FJ355822867398,L66613,S052463
(01)BW623093792576(17)271231(10)L20185(21)S612904,HIBCC,BW623093792576,L20185,S612904
(01)CP550600535802(17)271231(10)L08563(21)S719429,GS1,CP550600535802,L08563,S719429
(01)RH542372904796(17)271231(10)L13223(21)S182173,ICCBBA,RH542372904796,L13223,S182173
(01)KE654542873969(17)271231(10)L24055(21)S749234,GS1,KE654542873969,L24055,S749234
(01)NP641817151063(17)271231(10)L15180(21)S574285,ICCBBA,NP641817151063,L15180,S574285
(01)RS592611375741(17)271231(10)L44019(21)S444350,GS1,RS592611375741,L44019,S444350
(01)HF512996173619(17)271231(10)L21019(21)S019033,HIBCC,HF512996173619,L21019,S019033
(01)BC389276003388(17)271231(10)L48632(21)S347645,ICCBBA,BC389276003388,L48632,S347645
(01)ZI971988796461(17)271231(10)L04184(21)S609260,GS1,ZI971988796461,L04184,S609260
(01)TZ494196299684(17)271231(10)L50530(21)S287580,HIBCC,TZ494196299684,L50530,S287580
(01)PO127551992212(17)271231(10)L10315(21)S219614,HIBCC,PO127551992212,L10315,S219614
(01)FL997569607484(17)271231(10)L04469(21)S143067,ICCBBA,FL997569607484,L04469,S143067
(01)JS266227918944(17)271231(10)L72311(21)S602654,GS1,JS266227918944,L72311,S602654
(01)MZ710486629904(17)271231(10)L87094(21)S619396,ICCBBA,MZ710486629904,L87094,S619396
(01)OB488403480450(17)271231(10)L60549(21)S689320,ICCBBA,OB488403480450,L60549,S689320
(01)CL531402925541(17)271231(10)L75958(21)S709786,ICCBBA,CL531402925541,L75958,S709786
(01)RG240304307782(17)271231(10)L68938(21)S650852,GS1,RG240304307782,L68938,S650852
(01)MK889404990571(17)271231(10)L84216(21)S214606,GS1,MK889404990571,L84216,S214606
(01)IX196108584611(17)271231(10)L99857(21)S321744,ICCBBA,IX196108584611,L99857,S321744
(01)YG005391078099(17)271231(10)L86549(21)S040927,GS1,YG005391078099,L86549,S040927
(01)BM489909917547(17)271231(10)L88458(21)S180559,HIBCC,BM489909917547,L88458,S180559
(01)ZP177939950939(17)271231(10)L89079(21)S681032,GS1,ZP177939950939,L89079,S681032
(01)AF971865838908(17)271231(10)L12621(21)S668921,ICCBBA,AF971865838908,L12621,S668921
(01)FS295299113951(17)271231(10)L99196(21)S872675,HIBCC,FS295299113951,L99196,S872675
(01)RB684296689492(17)271231(10)L75712(21)S196849,HIBCC,RB684296689492,L75712,S196849
(01)GA880356784292(17)271231(10)L97105(21)S572834,HIBCC,GA880356784292,L97105,S572834
(01)EM877677372353(17)271231(10)L00212(21)S149913,GS1,EM877677372353,L00212,S149913
(01)HU404270935223(17)271231(10)L55077(21)S543886,ICCBBA,HU404270935223,L55077,S543886
(01)UG123694212042(17)271231(10)L61126(21)S016314,HIBCC,UG123694212042,L61126,S016314
(01)RZ924372686386(17)271231(10)L66628(21)S767816,GS1,RZ924372686386,L66628,S767816
(01)MI729747295972(17)271231(10)L18140(21)S689131,ICCBBA,MI729747295972,L18140,S689131
(01)WI850513853492(17)271231(10)L73831(21)S567507,ICCBBA,WI850513853492,L73831,S567507
(01)RG757833170374(17)271231(10)L02910(21)S514942,HIBCC,RG757833170374,L02910,S514942
(01)RL364782523414(17)271231(10)L82519(21)S871068,ICCBBA,RL364782523414,L82519,S871068
(01)GR361365387370(17)271231(10)L30290(21)S421259,GS1,GR361365387370,L30290,S421259
(01)RG474028469452(17)271231(10)L93484(21)S905574,ICCBBA,RG474028469452,L93484,S905574
(01)TD965662618108(17)271231(10)L54453(21)S543482,GS1,TD965662618108,L54453,S543482
(01)YA336923879988(17)271231(10)L33119(21)S847687,GS1,YA336923879988,L33119,S847687
(01)YZ912965327921(17)271231(10)L46202(21)S108728,GS1,YZ912965327921,L46202,S108728
(01)CT273577840485(17)271231(10)L54349(21)S166010,GS1,CT273577840485,L54349,S166010
(01)ST362237445387(17)271231(10)L27382(21)S939120,HIBCC,ST362237445387,L27382,S939120
(01)WI097546835055(17)271231(10)L18803(21)S948585,GS1,WI097546835055,L18803,S948585
(01)IE948475034725(17)271231(10)L08958(21)S516439,HIBCC,IE948475034725,L08958,S516439
(01)TJ114676761692(17)271231(10)L50617(21)S631752,ICCBBA,TJ114676761692,L50617,S631752
(01)BF775746735626(17)271231(10)L72426(21)S709435,HIBCC,BF775746735626,L72426,S709435
(01)FB887944566493(17)271231(10)L93913(21)S228692,ICCBBA,FB887944566493,L93913,S228692
(01)XI910699663457(17)271231(10)L26253(21)S455989,ICCBBA,XI910699663457,L26253,S455989
(01)XG847378008472(17)271231(10)L81510(21)S356269,GS1,XG847378008472,L81510,S356269
(01)VL300618606637(17)271231(10)L46126(21)S624826,HIBCC,VL300618606637,L46126,S624826
(01)IK463280403746(17)271231(10)L71575(21)S966700,GS1,IK463280403746,L71575,S966700
(01)UH326372804219(17)271231(10)L23464(21)S945718,ICCBBA,UH326372804219,L23464,S945718
(01)QU041324686643(17)271231(10)L38997(21)S450133,HIBCC,QU041324686643,L38997,S450133
(01)AN226396677152(17)271231(10)L30638(21)S475547,GS1,AN226396677152,L30638,S475547
(01)XM322642302662(17)271231(10)L10789(21)S433997,GS1,XM322642302662,L10789,S433997
(01)XW123270531555(17)271231(10)L44628(21)S800069,GS1,XW123270531555,L44628,S800069
(01)XC529642217334(17)271231(10)L02479(21)S506206,HIBCC,XC529642217334,L02479,S506206
(01)SF465931291721(17)271231(10)L37631(21)S295490,HIBCC,SF465931291721,L37631,S295490
(01)QW328414504629(17)271231(10)L46179(21)S899688,GS1,QW328414504629,L46179,S899688
(01)WF521187570805(17)271231(10)L07581(21)S833610,HIBCC,WF521187570805,L07581,S833610
(01)XE624209405547(17)271231(10)L39300(21)S971228,ICCBBA,XE624209405547,L39300,S971228
(01)DP998506978234(17)271231(10)L47832(21)S235103,ICCBBA,DP998506978234,L47832,S235103
(01)TR282266115958(17)271231(10)L68809(21)S923861,ICCBBA,TR282266115958,L68809,S923861
(01)KI958908908501(17)271231(10)L96827(21)S692411,GS1,KI958908908501,L96827,S692411
(01)ER544948616090(17)271231(10)L38801(21)S243942,HIBCC,ER544948616090,L38801,S243942
(01)JU064126228915(17)271231(10)L66605(21)S207598,HIBCC,JU064126228915,L66605,S207598
(01)QG812182893125(17)271231(10)L45168(21)S817631,HIBCC,QG812182893125,L45168,S817631
(01)PU224961835748(17)271231(10)L11110(21)S767691,HIBCC,PU224961835748,L11110,S767691
(01)JF168978829272(17)271231(10)L05252(21)S361462,ICCBBA,JF168978829272,L05252,S361462
(01)DE819729871001(17)271231(10)L29294(21)S691188,GS1,DE819729871001,L29294,S691188
(01)IT869422444195(17)271231(10)L01635(21)S097625,ICCBBA,IT869422444195,L01635,S097625
(01)KM697479163186(17)271231(10)L16373(21)S994955,HIBCC,KM697479163186,L16373,S994955
(01)AL418311159642(17)271231(10)L98928(21)S972828,GS1,AL418311159642,L98928,S972828
(01)RS801628555731(17)271231(10)L05772(21)S465943,HIBCC,RS801628555731,L05772,S465943
(01)DG052413472311(17)271231(10)L62520(21)S328196,HIBCC,DG052413472311,L62520,S328196
(01)VI202598908541(17)271231(10)L45169(21)S307801,ICCBBA,VI202598908541,L45169,S307801
(01)LG470371245786(17)271231(10)L96005(21)S230642,GS1,LG470371245786,L96005,S230642
(01)WW141446539692(17)271231(10)L25263(21)S267470,GS1,WW141446539692,L25263,S267470
(01)YL598102240471(17)271231(10)L84145(21)S415171,ICCBBA,YL598102240471,L84145,S415171
(01)NW910218399246(17)271231(10)L17556(21)S247754,HIBCC,NW910218399246,L17556,S247754
(01)BM462497747027(17)271231(10)L42594(21)S978899,HIBCC,BM462497747027,L42594,S978899
(01)RS178830683767(17)271231(10)L54637(21)S929013,HIBCC,RS178830683767,L54637,S929013
(01)QF854171289377(17)271231(10)L95794(21)S166141,ICCBBA,QF854171289377,L95794,S166141
(01)CS813440658442(17)271231(10)L96783(21)S221528,GS1,CS813440658442,L96783,S221528
(01)OP389633708299(17)271231(10)L05396(21)S276820,ICCBBA,OP389633708299,L05396,S276820
(01)QG979503633313(17)271231(10)L28691(21)S549291,GS1,QG979503633313,L28691,S549291
(01)AZ208043115639(17)271231(10)L84494(21)S204432,GS1,AZ208043115639,L84494,S204432
(01)IH572994319239(17)271231(10)L17769(21)S198213,HIBCC,IH572994319239,L17769,S198213
(01)JL525092283353(17)271231(10)L22122(21)S252066,GS1,JL525092283353,L22122,S252066
(01)XH215830935138(17)271231(10)L15776(21)S003083,HIBCC,XH215830935138,L15776,S003083
(01)YK054180288947(17)271231(10)L85247(21)S582384,ICCBBA,YK054180288947,L85247,S582384
(01)BA758172608691(17)271231(10)L66919(21)S656050,ICCBBA,BA758172608691,L66919,S656050
(01)HX260976954452(17)271231(10)L09993(21)S984751,ICCBBA,HX260976954452,L09993,S984751
(01)GL368861138034(17)271231(10)L04473(21)S338844,ICCBBA,GL368861138034,L04473,S338844
(01)WW518249107037(17)271231(10)L64331(21)S979736,HIBCC,WW518249107037,L64331,S979736
(01)CX837671733228(17)271231(10)L17939(21)S457737,GS1,CX837671733228,L17939,S457737
(01)AT814719702937(17)271231(10)L39850(21)S590836,ICCBBA,AT814719702937,L39850,S590836
(01)RG141895718369(17)271231(10)L53460(21)S833320,ICCBBA,RG141895718369,L53460,S833320
(01)TH143365819608(17)271231(10)L98616(21)S799662,GS1,TH143365819608,L98616,S799662
(01)PK974573250440(17)271231(10)L58462(21)S101806,ICCBBA,PK974573250440,L58462,S101806
(01)BY502386537453(17)271231(10)L25917(21)S476052,HIBCC,BY502386537453,L25917,S476052
(01)VK345757059978(17)271231(10)L95807(21)S070495,HIBCC,VK345757059978,L95807,S070495
(01)IZ864653090145(17)271231(10)L78275(21)S391587,HIBCC,IZ864653090145,L78275,S391587
(01)JV231003531830(17)271231(10)L20402(21)S306052,HIBCC,JV231003531830,L20402,S306052
(01)UZ624661442334(17)271231(10)L03219(21)S557839,ICCBBA,UZ624661442334,L03219,S557839
(01)DZ288207207550(17)271231(10)L10838(21)S850772,ICCBBA,DZ288207207550,L10838,S850772
(01)KS771009585669(17)271231(10)L40978(21)S393337,ICCBBA,KS771009585669,L40978,S393337
(01)QA272538603873(17)271231(10)L31189(21)S677959,HIBCC,QA272538603873,L31189,S677959
(01)FF107958999088(17)271231(10)L75011(21)S360466,ICCBBA,FF107958999088,L75011,S360466
(01)PR571784485616(17)271231(10)L61786(21)S694595,ICCBBA,PR571784485616,L61786,S694595
(01)YF692147494785(17)271231(10)L73316(21)S763734,HIBCC,YF692147494785,L73316,S763734
(01)BU396857440349(17)271231(10)L76391(21)S073094,HIBCC,BU396857440349,L76391,S073094
(01)QY942197031220(17)271231(10)L17731(21)S085337,GS1,QY942197031220,L17731,S085337
(01)WK348643448836(17)271231(10)L48295(21)S849412,HIBCC,WK348643448836,L48295,S849412
(01)ZV645934365910(17)271231(10)L71825(21)S741997,GS1,ZV645934365910,L71825,S741997
(01)GN594600411008(17)271231(10)L97578(21)S606715,ICCBBA,GN594600411008,L97578,S606715
(01)XY440016721720(17)271231(10)L73790(21)S138815,ICCBBA,XY440016721720,L73790,S138815
(01)AT568686004504(17)271231(10)L93147(21)S783516,HIBCC,AT568686004504,L93147,S783516
(01)AG051437429251(17)271231(10)L15398(21)S189350,HIBCC,AG051437429251,L15398,S189350
(01)FR981392355293(17)271231(10)L27739(21)S322803,HIBCC,FR981392355293,L27739,S322803
(01)BD623162468250(17)271231(10)L09851(21)S226352,ICCBBA,BD623162468250,L09851,S226352
(01)QG674830301894(17)271231(10)L76764(21)S932672,HIBCC,QG674830301894,L76764,S932672
(01)JF313708034910(17)271231(10)L99282(21)S102965,ICCBBA,JF313708034910,L99282,S102965
(01)MP198225054823(17)271231(10)L96783(21)S918817,HIBCC,MP198225054823,L96783,S918817
(01)QT914944922862(17)271231(10)L47028(21)S552754,HIBCC,QT914944922862,L47028,S552754
(01)EC560089931340(17)271231(10)L76008(21)S191051,ICCBBA,EC560089931340,L76008,S191051
(01)YU747300341770(17)271231(10)L93499(21)S855182,ICCBBA,YU747300341770,L93499,S855182
(01)RN697264891613(17)271231(10)L09059(21)S571886,GS1,RN697264891613,L09059,S571886
(01)BF853836915221(17)271231(10)L70048(21)S998809,GS1,BF853836915221,L70048,S998809
(01)EU465026758966(17)271231(10)L24232(21)S552511,HIBCC,EU465026758966,L24232,S552511
(01)CG725266293034(17)271231(10)L97913(21)S116454,ICCBBA,CG725266293034,L97913,S116454
(01)KD499110696090(17)271231(10)L34323(21)S769702,HIBCC,KD499110696090,L34323,S769702
(01)GE000274847556(17)271231(10)L83401(21)S096651,HIBCC,GE000274847556,L83401,S096651
(01)FC327868624735(17)271231(10)L50693(21)S688374,HIBCC,FC327868624735,L50693,S688374
(01)NG803527190588(17)271231(10)L51487(21)S741695,ICCBBA,NG803527190588,L51487,S741695
(01)OM183439417419(17)271231(10)L33064(21)S009491,HIBCC,OM183439417419,L33064,S009491
(01)ZN839597693849(17)271231(10)L51707(21)S592391,GS1,ZN839597693849,L51707,S592391
(01)RJ495091982402(17)271231(10)L17921(21)S542627,ICCBBA,RJ495091982402,L17921,S542627
(01)PF988114796900(17)271231(10)L50359(21)S228978,GS1,PF988114796900,L50359,S228978
(01)HZ996819103083(17)271231(10)L10867(21)S065929,HIBCC,HZ996819103083,L10867,S065929
(01)QC708046645040(17)271231(10)L23670(21)S073768,ICCBBA,QC708046645040,L23670,S073768
(01)WA273484060349(17)271231(10)L89547(21)S970034,ICCBBA,WA273484060349,L89547,S970034
(01)AM163976435538(17)271231(10)L64370(21)S512003,ICCBBA,AM163976435538,L64370,S512003
(01)WV511389620655(17)271231(10)L34731(21)S252526,HIBCC,WV511389620655,L34731,S252526
(01)WQ308618227901(17)271231(10)L82247(21)S004806,GS1,WQ308618227901,L82247,S004806
(01)WS357026194323(17)271231(10)L75629(21)S372448,HIBCC,WS357026194323,L75629,S372448
(01)HS866852871057(17)271231(10)L80033(21)S215870,ICCBBA,HS866852871057,L80033,S215870
(01)OA296224534998(17)271231(10)L47196(21)S479605,GS1,OA296224534998,L47196,S479605
(01)GI148917513861(17)271231(10)L35400(21)S354927,ICCBBA,GI148917513861,L35400,S354927
(01)MZ223697095209(17)271231(10)L42737(21)S820806,HIBCC,MZ223697095209,L42737,S820806
(01)QN386915154115(17)271231(10)L60609(21)S355872,GS1,QN386915154115,L60609,S355872
(01)DD277767096952(17)271231(10)L42852(21)S930754,HIBCC,DD277767096952,L42852,S930754
(01)ZW621539160084(17)271231(10)L92997(21)S780698,GS1,ZW621539160084,L92997,S780698
(01)OQ014001845887(17)271231(10)L00444(21)S105666,ICCBBA,OQ014001845887,L00444,S105666
(01)XJ985938619954(17)271231(10)L14796(21)S168982,GS1,XJ985938619954,L14796,S168982
(01)VO982963901572(17)271231(10)L79897(21)S824271,ICCBBA,VO982963901572,L79897,S824271
(01)VS473940866398(17)271231(10)L98147(21)S964065,GS1,VS473940866398,L98147,S964065
(01)HV224197373547(17)271231(10)L75062(21)S796407,HIBCC,HV224197373547,L75062,S796407
(01)OT363274203993(17)271231(10)L82695(21)S743083,ICCBBA,OT363274203993,L82695,S743083
(01)YR860242963235(17)271231(10)L68033(21)S011382,ICCBBA,YR860242963235,L68033,S011382
(01)HW512829236839(17)271231(10)L06216(21)S156368,ICCBBA,HW512829236839,L06216,S156368
(01)KA073853521078(17)271231(10)L14319(21)S712242,GS1,KA073853521078,L14319,S712242
(01)PY773603140665(17)271231(10)L56110(21)S602214,ICCBBA,PY773603140665,L56110,S602214
(01)ST879623758692(17)271231(10)L49744(21)S916309,HIBCC,ST879623758692,L49744,S916309
(01)VK790870035464(17)271231(10)L23516(21)S801230,GS1,VK790870035464,L23516,S801230
(01)SV163430970412(17)271231(10)L58505(21)S163427,GS1,SV163430970412,L58505,S163427
(01)TD055651390352(17)271231(10)L01059(21)S562467,ICCBBA,TD055651390352,L01059,S562467
(01)WK476882668196(17)271231(10)L43527(21)S850945,HIBCC,WK476882668196,L43527,S850945
(01)BD441727248269(17)271231(10)L65522(21)S875882,GS1,BD441727248269,L65522,S875882
(01)ZN964917693530(17)271231(10)L91823(21)S578578,ICCBBA,ZN964917693530,L91823,S578578
(01)HR614383878725(17)271231(10)L60229(21)S300561,GS1,HR614383878725,L60229,S300561
(01)RS943060323335(17)271231(10)L59629(21)S369935,ICCBBA,RS943060323335,L59629,S369935
(01)CY594559388232(17)271231(10)L29959(21)S514271,GS1,CY594559388232,L29959,S514271
(01)ZJ918518312638(17)271231(10)L55043(21)S712237,HIBCC,ZJ918518312638,L55043,S712237
(01)IG953774328562(17)271231(10)L64135(21)S438731,ICCBBA,IG953774328562,L64135,S438731
(01)XU981786655638(17)271231(10)L98560(21)S553354,GS1,XU981786655638,L98560,S553354
(01)AK599698612681(17)271231(10)L08171(21)S284194,HIBCC,AK599698612681,L08171,S284194
(01)JH192375984684(17)271231(10)L98309(21)S296153,GS1,JH192375984684,L98309,S296153
(01)WT148275706743(17)271231(10)L18451(21)S264394,HIBCC,WT148275706743,L18451,S264394
(01)IC220210396956(17)271231(10)L04787(21)S853523,GS1,IC220210396956,L04787,S853523
(01)WU318291224100(17)271231(10)L94791(21)S293026,HIBCC,WU318291224100,L94791,S293026
(01)GL866385806693(17)271231(10)L92542(21)S208666,ICCBBA,GL866385806693,L92542,S208666
(01)SS033474004203(17)271231(10)L26177(21)S120776,GS1,SS033474004203,L26177,S120776
(01)ZB979301756904(17)271231(10)L68786(21)S449142,GS1,ZB979301756904,L68786,S449142
(01)GW092281259032(17)271231(10)L66222(21)S851781,HIBCC,GW092281259032,L66222,S851781
(01)TP856346365701(17)271231(10)L57523(21)S441932,GS1,TP856346365701,L57523,S441932
(01)OZ186876108063(17)271231(10)L04684(21)S401840,HIBCC,OZ186876108063,L04684,S401840
(01)OZ108955170966(17)271231(10)L46086(21)S459484,GS1,OZ108955170966,L46086,S459484
(01)WA532722514178(17)271231(10)L89985(21)S719578,GS1,WA532722514178,L89985,S719578
(01)MV251509488757(17)271231(10)L35096(21)S425296,ICCBBA,MV251509488757,L35096,S425296
(01)VP655342540642(17)271231(10)L01134(21)S988311,GS1,VP655342540642,L01134,S988311
(01)CR711397286229(17)271231(10)L04493(21)S380240,GS1,CR711397286229,L04493,S380240
(01)VX575698530418(17)271231(10)L28199(21)S399009,HIBCC,VX575698530418,L28199,S399009
(01)KN222226531293(17)271231(10)L42011(21)S659777,GS1,KN222226531293,L42011,S659777
(01)IV354850033972(17)271231(10)L63702(21)S049928,GS1,IV354850033972,L63702,S049928
(01)AR971907567974(17)271231(10)L52020(21)S714631,HIBCC,AR971907567974,L52020,S714631
(01)BX117193907141(17)271231(10)L36015(21)S630361,HIBCC,BX117193907141,L36015,S630361
(01)MG206740768214(17)271231(10)L15048(21)S037887,ICCBBA,MG206740768214,L15048,S037887
(01)FA358307599054(17)271231(10)L57189(21)S212413,ICCBBA,FA358307599054,L57189,S212413
(01)VC026936155068(17)271231(10)L60315(21)S295757,ICCBBA,VC026936155068,L60315,S295757
(01)ME202703871728(17)271231(10)L40125(21)S837065,HIBCC,ME202703871728,L40125,S837065
(01)TN559229476496(17)271231(10)L28495(21)S983470,GS1,TN559229476496,L28495,S983470
(01)EJ795769418418(17)271231(10)L26750(21)S925848,GS1,EJ795769418418,L26750,S925848
(01)NW123096487852(17)271231(10)L73365(21)S641265,HIBCC,NW123096487852,L73365,S641265
(01)YK347613087432(17)271231(10)L24457(21)S000048,HIBCC,YK347613087432,L24457,S000048
(01)NG660185517734(17)271231(10)L14602(21)S563927,HIBCC,NG660185517734,L14602,S563927
(01)KZ160580400266(17)271231(10)L66660(21)S030776,ICCBBA,KZ160580400266,L66660,S030776
(01)AX203802698598(17)271231(10)L12748(21)S050822,ICCBBA,AX203802698598,L12748,S050822
(01)HT058280809555(17)271231(10)L38135(21)S015177,ICCBBA,HT058280809555,L38135,S015177
(01)HR049151381581(17)271231(10)L50325(21)S945332,ICCBBA,HR049151381581,L50325,S945332
(01)DS196168079036(17)271231(10)L05504(21)S318862,ICCBBA,DS196168079036,L05504,S318862
(01)QQ444499878674(17)271231(10)L80386(21)S841440,ICCBBA,QQ444499878674,L80386,S841440
(01)PV497465712132(17)271231(10)L31141(21)S964748,GS1,PV497465712132,L31141,S964748
(01)TK215515252477(17)271231(10)L02261(21)S833956,HIBCC,TK215515252477,L02261,S833956
(01)OZ061590822844(17)271231(10)L60757(21)S825374,GS1,OZ061590822844,L60757,S825374
(01)PT172926030007(17)271231(10)L85623(21)S969883,HIBCC,PT172926030007,L85623,S969883
(01)SG155601361989(17)271231(10)L66373(21)S547355,ICCBBA,SG155601361989,L66373,S547355
(01)CO708141776414(17)271231(10)L39971(21)S158480,GS1,CO708141776414,L39971,S158480
(01)JL011540331666(17)271231(10)L86029(21)S167745,HIBCC,JL011540331666,L86029,S167745
(01)FV013816109882(17)271231(10)L19911(21)S278803,HIBCC,FV013816109882,L19911,S278803
(01)AZ645908162056(17)271231(10)L90710(21)S567860,GS1,AZ645908162056,L90710,S567860
(01)TI327142460421(17)271231(10)L61231(21)S420510,GS1,TI327142460421,L61231,S420510
(01)CS504346571181(17)271231(10)L93366(21)S617169,HIBCC,CS504346571181,L93366,S617169
(01)ZS778004811101(17)271231(10)L30401(21)S698588,GS1,ZS778004811101,L30401,S698588
(01)XT671805394094(17)271231(10)L02149(21)S032083,HIBCC,XT671805394094,L02149,S032083
(01)RF057205978124(17)271231(10)L31313(21)S398189,GS1,RF057205978124,L31313,S398189
(01)NG026664657762(17)271231(10)L51255(21)S378732,ICCBBA,NG026664657762,L51255,S378732
(01)HC843811796171(17)271231(10)L23812(21)S320187,HIBCC,HC843811796171,L23812,S320187
(01)SV535579908165(17)271231(10)L97931(21)S571156,HIBCC,SV535579908165,L97931,S571156
(01)QI888220367895(17)271231(10)L44070(21)S575949,GS1,QI888220367895,L44070,S575949
(01)BY651231977974(17)271231(10)L21935(21)S378030,GS1,BY651231977974,L21935,S378030
(01)NN064971004699(17)271231(10)L53140(21)S536600,GS1,NN064971004699,L53140,S536600
(01)KO960652778850(17)271231(10)L22698(21)S219928,HIBCC,KO960652778850,L22698,S219928
(01)RD421228548008(17)271231(10)L08189(21)S334409,ICCBBA,RD421228548008,L08189,S334409
(01)MR802601075473(17)271231(10)L20752(21)S290180,ICCBBA,MR802601075473,L20752,S290180
(01)BK024385032080(17)271231(10)L42768(21)S163795,ICCBBA,BK024385032080,L42768,S163795
(01)RN514807317768(17)271231(10)L19955(21)S069470,GS1,RN514807317768,L19955,S069470
(01)TT191972228824(17)271231(10)L14531(21)S120177,GS1,TT191972228824,L14531,S120177
(01)ZA970570904213(17)271231(10)L08932(21)S040521,ICCBBA,ZA970570904213,L08932,S040521
(01)SW640470877472(17)271231(10)L89688(21)S287176,ICCBBA,SW640470877472,L89688,S287176
(01)HX550728697686(17)271231(10)L51613(21)S235735,HIBCC,HX550728697686,L51613,S235735
(01)SQ257371317536(17)271231(10)L10210(21)S196515,ICCBBA,SQ257371317536,L10210,S196515
(01)YY564479926472(17)271231(10)L15768(21)S799751,ICCBBA,YY564479926472,L15768,S799751
(01)RH126301414997(17)271231(10)L51746(21)S672043,ICCBBA,RH126301414997,L51746,S672043
(01)HK859436290282(17)271231(10)L89645(21)S727419,GS1,HK859436290282,L89645,S727419
(01)IA938612509769(17)271231(10)L39497(21)S804579,HIBCC,IA938612509769,L39497,S804579
(01)SI239567018149(17)271231(10)L73763(21)S804979,HIBCC,SI239567018149,L73763,S804979
(01)BU855980154704(17)271231(10)L45577(21)S209852,GS1,BU855980154704,L45577,S209852
(01)GK940109094534(17)271231(10)L56070(21)S368941,HIBCC,GK940109094534,L56070,S368941
(01)FG726398397211(17)271231(10)L07063(21)S275533,GS1,FG726398397211,L07063,S275533
(01)BD664878540478(17)271231(10)L57835(21)S175097,ICCBBA,BD664878540478,L57835,S175097
(01)YC302881403651(17)271231(10)L05803(21)S689131,GS1,YC302881403651,L05803,S689131
(01)FY483769806615(17)271231(10)L31533(21)S737288,GS1,FY483769806615,L31533,S737288
(01)SS873837593358(17)271231(10)L23257(21)S957241,ICCBBA,SS873837593358,L23257,S957241
(01)OU709161884412(17)271231(10)L53684(21)S388084,HIBCC,OU709161884412,L53684,S388084
(01)PO577020475415(17)271231(10)L82664(21)S495390,HIBCC,PO577020475415,L82664,S495390
(01)XC246489226006(17)271231(10)L99157(21)S079966,ICCBBA,XC246489226006,L99157,S079966
(01)RJ483017407078(17)271231(10)L66461(21)S704601,ICCBBA,RJ483017407078,L66461,S704601
(01)IM570641260060(17)271231(10)L07100(21)S832311,ICCBBA,IM570641260060,L07100,S832311
(01)OI960657842409(17)271231(10)L41597(21)S889008,HIBCC,OI960657842409,L41597,S889008
(01)FW331811486642(17)271231(10)L03988(21)S844270,ICCBBA,FW331811486642,L03988,S844270
(01)LE626953286583(17)271231(10)L72752(21)S530806,HIBCC,LE626953286583,L72752,S530806
(01)YE142753129732(17)271231(10)L07247(21)S309487,HIBCC,YE142753129732,L07247,S309487
(01)TQ809606145209(17)271231(10)L01232(21)S960019,GS1,TQ809606145209,L01232,S960019
(01)SY826770815371(17)271231(10)L59816(21)S199648,GS1,SY826770815371,L59816,S199648
(01)CU786399882102(17)271231(10)L93387(21)S113499,ICCBBA,CU786399882102,L93387,S113499
(01)CU261440448067(17)271231(10)L54404(21)S754213,GS1,CU261440448067,L54404,S754213
(01)PO685371569329(17)271231(10)L66032(21)S583702,HIBCC,PO685371569329,L66032,S583702
(01)HB706681130373(17)271231(10)L23641(21)S321616,GS1,HB706681130373,L23641,S321616
(01)SH708439049952(17)271231(10)L53559(21)S010167,ICCBBA,SH708439049952,L53559,S010167
(01)ZR824584772341(17)271231(10)L61773(21)S674678,HIBCC,ZR824584772341,L61773,S674678
(01)IP844567043575(17)271231(10)L26325(21)S093910,GS1,IP844567043575,L26325,S093910
(01)JQ144170502520(17)271231(10)L24805(21)S471934,HIBCC,JQ144170502520,L24805,S471934
(01)ZB648773251369(17)271231(10)L56605(21)S105785,GS1,ZB648773251369,L56605,S105785
(01)EN341289046971(17)271231(10)L14479(21)S212719,HIBCC,EN341289046971,L14479,S212719
(01)RO104047598816(17)271231(10)L43977(21)S737666,GS1,RO104047598816,L43977,S737666
(01)DR095798413729(17)271231(10)L09051(21)S013067,HIBCC,DR095798413729,L09051,S013067
(01)ZD445189887304(17)271231(10)L95036(21)S409560,HIBCC,ZD445189887304,L95036,S409560
(01)OL954303712241(17)271231(10)L59030(21)S808472,GS1,OL954303712241,L59030,S808472
(01)TQ960177648834(17)271231(10)L85028(21)S886705,ICCBBA,TQ960177648834,L85028,S886705
(01)WG229167643314(17)271231(10)L11411(21)S170863,GS1,WG229167643314,L11411,S170863
(01)ST387654929571(17)271231(10)L14220(21)S640052,HIBCC,ST387654929571,L14220,S640052
(01)PK611665497520(17)271231(10)L16405(21)S690527,GS1,PK611665497520,L16405,S690527
(01)PF330423136335(17)271231(10)L17937(21)S164701,ICCBBA,PF330423136335,L17937,S164701
(01)TW808562946092(17)271231(10)L00802(21)S558073,GS1,TW808562946092,L00802,S558073
(01)HM374986551158(17)271231(10)L77741(21)S138713,GS1,HM374986551158,L77741,S138713
(01)PN241020046279(17)271231(10)L38809(21)S214001,HIBCC,PN241020046279,L38809,S214001
(01)WK808039324771(17)271231(10)L39183(21)S532220,GS1,WK808039324771,L39183,S532220
(01)QB269094325744(17)271231(10)L11221(21)S161620,ICCBBA,QB269094325744,L11221,S161620
(01)VC687115925649(17)271231(10)L25627(21)S973908,ICCBBA,VC687115925649,L25627,S973908
(01)PR697831042868(17)271231(10)L41637(21)S821573,GS1,PR697831042868,L41637,S821573
(01)DX349756448157(17)271231(10)L08324(21)S117689,ICCBBA,DX349756448157,L08324,S117689
(01)IT967596462440(17)271231(10)L29285(21)S458519,ICCBBA,IT967596462440,L29285,S458519
(01)KZ502939937704(17)271231(10)L00379(21)S029052,ICCBBA,KZ502939937704,L00379,S029052
(01)TS773743265921(17)271231(10)L11621(21)S676324,ICCBBA,TS773743265921,L11621,S676324
(01)MI608639309979(17)271231(10)L72104(21)S401359,HIBCC,MI608639309979,L72104,S401359
(01)PK266281951704(17)271231(10)L69572(21)S523333,GS1,PK266281951704,L69572,S523333
(01)GT696909225982(17)271231(10)L02833(21)S188006,ICCBBA,GT696909225982,L02833,S188006
(01)FR720997272586(17)271231(10)L63527(21)S801170,ICCBBA,FR720997272586,L63527,S801170
(01)AQ875009910830(17)271231(10)L70926(21)S913511,ICCBBA,AQ875009910830,L70926,S913511
(01)EH216567565578(17)271231(10)L66165(21)S614673,ICCBBA,EH216567565578,L66165,S614673
(01)NN451556318173(17)271231(10)L75672(21)S478336,HIBCC,NN451556318173,L75672,S478336
(01)EC262255208210(17)271231(10)L47840(21)S565592,ICCBBA,EC262255208210,L47840,S565592
(01)CL648691288923(17)271231(10)L93531(21)S416645,HIBCC,CL648691288923,L93531,S416645
(01)NZ341570089254(17)271231(10)L08704(21)S256244,GS1,NZ341570089254,L08704,S256244
(01)IG864811814770(17)271231(10)L57980(21)S790524,ICCBBA,IG864811814770,L57980,S790524
(01)SV529145795681(17)271231(10)L50937(21)S797323,GS1,SV529145795681,L50937,S797323
(01)SJ451457913228(17)271231(10)L75530(21)S236248,ICCBBA,SJ451457913228,L75530,S236248
(01)JZ357630665242(17)271231(10)L94177(21)S382483,GS1,JZ357630665242,L94177,S382483
(01)WE761389690321(17)271231(10)L40762(21)S330667,ICCBBA,WE761389690321,L40762,S330667
(01)PG907533751243(17)271231(10)L58209(21)S928167,ICCBBA,PG907533751243,L58209,S928167
(01)PO883221405723(17)271231(10)L50295(21)S159514,GS1,PO883221405723,L50295,S159514
(01)LX824358444641(17)271231(10)L47713(21)S625383,GS1,LX824358444641,L47713,S625383
(01)PZ924455597215(17)271231(10)L74351(21)S245579,GS1,PZ924455597215,L74351,S245579
(01)OP937268857934(17)271231(10)L30456(21)S682560,ICCBBA,OP937268857934,L30456,S682560
(01)SN089046940632(17)271231(10)L55398(21)S186548,GS1,SN089046940632,L55398,S186548
(01)CS373502535773(17)271231(10)L11588(21)S689566,GS1,CS373502535773,L11588,S689566
(01)VL194296845120(17)271231(10)L78319(21)S705526,HIBCC,VL194296845120,L78319,S705526
(01)ES543639415242(17)271231(10)L94557(21)S159404,ICCBBA,ES543639415242,L94557,S159404
(01)LX755163373839(17)271231(10)L50788(21)S199576,GS1,LX755163373839,L50788,S199576
(01)LA439721497431(17)271231(10)L10972(21)S362735,ICCBBA,LA439721497431,L10972,S362735
(01)MP117194004012(17)271231(10)L28011(21)S057760,HIBCC,MP117194004012,L28011,S057760
(01)DK273049241006(17)271231(10)L33869(21)S154040,GS1,DK273049241006,L33869,S154040
(01)FR614632135882(17)271231(10)L73986(21)S391434,HIBCC,FR614632135882,L73986,S391434
(01)YG235679422971(17)271231(10)L44093(21)S577525,ICCBBA,YG235679422971,L44093,S577525
(01)GM897950749607(17)271231(10)L64771(21)S007542,HIBCC,GM897950749607,L64771,S007542
(01)JD012294538392(17)271231(10)L07542(21)S808116,HIBCC,JD012294538392,L07542,S808116
(01)NA756582348753(17)271231(10)L43883(21)S525389,GS1,NA756582348753,L43883,S525389
(01)XW337446677120(17)271231(10)L69297(21)S259824,GS1,XW337446677120,L69297,S259824
(01)UO200252748335(17)271231(10)L02306(21)S974930,ICCBBA,UO200252748335,L02306,S974930
(01)NO469445793624(17)271231(10)L04015(21)S720947,ICCBBA,NO469445793624,L04015,S720947
(01)PW014432128644(17)271231(10)L89271(21)S722088,ICCBBA,PW014432128644,L89271,S722088
(01)CH614288336633(17)271231(10)L77369(21)S433669,HIBCC,CH614288336633,L77369,S433669
(01)QK451275421404(17)271231(10)L32919(21)S272259,HIBCC,QK451275421404,L32919,S272259
(01)HH915831471469(17)271231(10)L87166(21)S348540,HIBCC,HH915831471469,L87166,S348540
(01)VN592481629604(17)271231(10)L46532(21)S364099,ICCBBA,VN592481629604,L46532,S364099
(01)SO526283638568(17)271231(10)L96166(21)S232104,HIBCC,SO526283638568,L96166,S232104
(01)TD368237989603(17)271231(10)L70573(21)S202014,ICCBBA,TD368237989603,L70573,S202014
(01)JQ926822377366(17)271231(10)L03722(21)S205286,HIBCC,JQ926822377366,L03722,S205286
(01)VV829860881912(17)271231(10)L94442(21)S818783,HIBCC,VV829860881912,L94442,S818783
(01)CE203578551098(17)271231(10)L74548(21)S919513,HIBCC,CE203578551098,L74548,S919513
(01)WW694146839393(17)271231(10)L87812(21)S116158,ICCBBA,WW694146839393,L87812,S116158
(01)VV037555424922(17)271231(10)L86815(21)S890907,HIBCC,VV037555424922,L86815,S890907
(01)XC064736282636(17)271231(10)L43429(21)S289847,ICCBBA,XC064736282636,L43429,S289847
(01)AA896460933032(17)271231(10)L50831(21)S325276,GS1,AA896460933032,L50831,S325276
(01)LC694767365040(17)271231(10)L93077(21)S594435,HIBCC,LC694767365040,L93077,S594435
(01)PD752143068661(17)271231(10)L99733(21)S719873,ICCBBA,PD752143068661,L99733,S719873
(01)NN961052250794(17)271231(10)L40249(21)S321201,ICCBBA,NN961052250794,L40249,S321201
(01)DC116248375278(17)271231(10)L91866(21)S406848,GS1,DC116248375278,L91866,S406848
(01)DB651462446464(17)271231(10)L94455(21)S023510,ICCBBA,DB651462446464,L94455,S023510
(01)LC192311601019(17)271231(10)L23012(21)S371545,HIBCC,LC192311601019,L23012,S371545
(01)PH908162330654(17)271231(10)L05803(21)S436881,ICCBBA,PH908162330654,L05803,S436881
(01)UE191065060822(17)271231(10)L90040(21)S781427,ICCBBA,UE191065060822,L90040,S781427
(01)ZO249009565391(17)271231(10)L50763(21)S859755,ICCBBA,ZO249009565391,L50763,S859755
(01)UR492358207573(17)271231(10)L55624(21)S816678,HIBCC,UR492358207573,L55624,S816678
(01)PQ936961529625(17)271231(10)L66091(21)S964826,ICCBBA,PQ936961529625,L66091,S964826
(01)JC068262537477(17)271231(10)L59229(21)S225081,GS1,JC068262537477,L59229,S225081
(01)SA994111028103(17)271231(10)L63736(21)S303636,ICCBBA,SA994111028103,L63736,S303636
(01)PE993229797003(17)271231(10)L90392(21)S396007,ICCBBA,PE993229797003,L90392,S396007
(01)VE979160704487(17)271231(10)L12849(21)S457257,ICCBBA,VE979160704487,L12849,S457257
(01)ZW591868480412(17)271231(10)L30912(21)S387859,GS1,ZW591868480412,L30912,S387859
(01)GT446903204165(17)271231(10)L85071(21)S907371,GS1,GT446903204165,L85071,S907371
(01)BH342078958621(17)271231(10)L70924(21)S337235,ICCBBA,BH342078958621,L70924,S337235
(01)EL208524123386(17)271231(10)L61798(21)S760157,ICCBBA,EL208524123386,L61798,S760157
(01)MW207050860682(17)271231(10)L54197(21)S863544,ICCBBA,MW207050860682,L54197,S863544
(01)WN219594658979(17)271231(10)L54273(21)S431531,GS1,WN219594658979,L54273,S431531
(01)SW923755447099(17)271231(10)L67829(21)S160656,ICCBBA,SW923755447099,L67829,S160656
(01)LN734712438868(17)271231(10)L78092(21)S763553,ICCBBA,LN734712438868,L78092,S763553
(01)JD604129275440(17)271231(10)L73097(21)S907113,GS1,JD604129275440,L73097,S907113
(01)KX067997846312(17)271231(10)L72847(21)S471111,HIBCC,KX067997846312,L72847,S471111
(01)KL897882692161(17)271231(10)L30058(21)S629049,HIBCC,KL897882692161,L30058,S629049
(01)MW460769427755(17)271231(10)L74744(21)S364947,GS1,MW460769427755,L74744,S364947
(01)XD031304409701(17)271231(10)L30720(21)S087814,ICCBBA,XD031304409701,L30720,S087814
(01)XX633188323422(17)271231(10)L40512(21)S181696,GS1,XX633188323422,L40512,S181696
(01)LK809880318265(17)271231(10)L35272(21)S151840,ICCBBA,LK809880318265,L35272,S151840
(01)OH104474152218(17)271231(10)L72860(21)S070615,GS1,OH104474152218,L72860,S070615
(01)OH981897656284(17)271231(10)L91040(21)S195733,ICCBBA,OH981897656284,L91040,S195733
(01)WB433523904217(17)271231(10)L12498(21)S776377,HIBCC,WB433523904217,L12498,S776377
(01)FK547332239271(17)271231(10)L80033(21)S294683,ICCBBA,FK547332239271,L80033,S294683
(01)PM656609527155(17)271231(10)L57362(21)S283121,GS1,PM656609527155,L57362,S283121
(01)KI652120494471(17)271231(10)L73723(21)S207934,HIBCC,KI652120494471,L73723,S207934
(01)LD661409066829(17)271231(10)L23380(21)S907712,GS1,LD661409066829,L23380,S907712
(01)EL095213118948(17)271231(10)L34936(21)S282465,HIBCC,EL095213118948,L34936,S282465
(01)IP891000669037(17)271231(10)L26763(21)S023688,HIBCC,IP891000669037,L26763,S023688
(01)NH294916300951(17)271231(10)L77465(21)S181544,ICCBBA,NH294916300951,L77465,S181544
(01)WC196925922319(17)271231(10)L94690(21)S525709,ICCBBA,WC196925922319,L94690,S525709
(01)IC055492028297(17)271231(10)L76011(21)S070953,HIBCC,IC055492028297,L76011,S070953
(01)DD066210824785(17)271231(10)L02801(21)S741751,GS1,DD066210824785,L02801,S741751
(01)AX378482936445(17)271231(10)L94017(21)S849481,ICCBBA,AX378482936445,L94017,S849481
(01)LU623052959173(17)271231(10)L82424(21)S197470,ICCBBA,LU623052959173,L82424,S197470
(01)UF420993468677(17)271231(10)L40165(21)S217018,GS1,UF420993468677,L40165,S217018
(01)YH559944731907(17)271231(10)L04802(21)S584971,ICCBBA,YH559944731907,L04802,S584971
(01)EP851223514071(17)271231(10)L02764(21)S081615,GS1,EP851223514071,L02764,S081615
(01)WY195451180272(17)271231(10)L16271(21)S400994,GS1,WY195451180272,L16271,S400994
(01)BE258544603914(17)271231(10)L38057(21)S313309,ICCBBA,BE258544603914,L38057,S313309
(01)RG671200331517(17)271231(10)L16235(21)S273012,ICCBBA,RG671200331517,L16235,S273012
(01)VS188250921589(17)271231(10)L97342(21)S828858,ICCBBA,VS188250921589,L97342,S828858
(01)OJ308961516594(17)271231(10)L51303(21)S438942,HIBCC,OJ308961516594,L51303,S438942
(01)BK686876201077(17)271231(10)L53046(21)S276590,GS1,BK686876201077,L53046,S276590
(01)UA190750657599(17)271231(10)L96054(21)S517437,GS1,UA190750657599,L96054,S517437
(01)YE861911243031(17)271231(10)L79532(21)S652299,HIBCC,YE861911243031,L79532,S652299
(01)UM239739565987(17)271231(10)L31976(21)S272494,HIBCC,UM239739565987,L31976,S272494
(01)DV501054572754(17)271231(10)L18505(21)S951316,ICCBBA,DV501054572754,L18505,S951316
(01)WC295623321891(17)271231(10)L89523(21)S021875,ICCBBA,WC295623321891,L89523,S021875
(01)DL749690735285(17)271231(10)L20659(21)S074888,GS1,DL749690735285,L20659,S074888
(01)PC980737822769(17)271231(10)L31460(21)S507985,ICCBBA,PC980737822769,L31460,S507985
(01)MF886353889246(17)271231(10)L73251(21)S074347,HIBCC,MF886353889246,L73251,S074347
(01)TS983101695894(17)271231(10)L71561(21)S251153,HIBCC,TS983101695894,L71561,S251153
(01)YC092944376024(17)271231(10)L45761(21)S367115,GS1,YC092944376024,L45761,S367115
(01)JF820067499229(17)271231(10)L57169(21)S121650,GS1,JF820067499229,L57169,S121650
(01)RC329970795514(17)271231(10)L79275(21)S579773,ICCBBA,RC329970795514,L79275,S579773
(01)HS597535143754(17)271231(10)L15641(21)S850492,GS1,HS597535143754,L15641,S850492
(01)ZN951851470117(17)271231(10)L61600(21)S432848,ICCBBA,ZN951851470117,L61600,S432848
(01)FG173117344697(17)271231(10)L11036(21)S175455,HIBCC,FG173117344697,L11036,S175455
(01)DT204156620517(17)271231(10)L78099(21)S179980,HIBCC,DT204156620517,L78099,S179980
(01)GT179039169200(17)271231(10)L14698(21)S066558,GS1,GT179039169200,L14698,S066558
(01)AA445737882488(17)271231(10)L06563(21)S400709,ICCBBA,AA445737882488,L06563,S400709
(01)DY281229588797(17)271231(10)L67718(21)S862802,HIBCC,DY281229588797,L67718,S862802
(01)OC497662885372(17)271231(10)L32776(21)S364745,ICCBBA,OC497662885372,L32776,S364745
(01)RC753471479125(17)271231(10)L58764(21)S166595,HIBCC,RC753471479125,L58764,S166595
(01)AU151216969953(17)271231(10)L23146(21)S453338,ICCBBA,AU151216969953,L23146,S453338
(01)YI555944578779(17)271231(10)L15550(21)S069260,GS1,YI555944578779,L15550,S069260
(01)MB393004210066(17)271231(10)L98031(21)S697294,GS1,MB393004210066,L98031,S697294
(01)TE074659217922(17)271231(10)L04661(21)S140165,ICCBBA,TE074659217922,L04661,S140165
(01)NO884935890266(17)271231(10)L05650(21)S748308,HIBCC,NO884935890266,L05650,S748308
(01)GS675401790098(17)271231(10)L22651(21)S364484,HIBCC,GS675401790098,L22651,S364484
(01)PA024547620311(17)271231(10)L61855(21)S294815,ICCBBA,PA024547620311,L61855,S294815
(01)RG357570027634(17)271231(10)L77937(21)S201281,ICCBBA,RG357570027634,L77937,S201281
(01)QL550762197493(17)271231(10)L71158(21)S299066,HIBCC,QL550762197493,L71158,S299066
(01)XJ163665971443(17)271231(10)L50322(21)S699869,ICCBBA,XJ163665971443,L50322,S699869
(01)FD818430449187(17)271231(10)L24057(21)S191616,HIBCC,FD818430449187,L24057,S191616
(01)DQ402924110411(17)271231(10)L54740(21)S786831,GS1,DQ402924110411,L54740,S786831
(01)GD528645346414(17)271231(10)L27454(21)S787382,HIBCC,GD528645346414,L27454,S787382
(01)HE577122863160(17)271231(10)L52922(21)S825829,GS1,HE577122863160,L52922,S825829
(01)RR534884459110(17)271231(10)L79222(21)S433855,HIBCC,RR534884459110,L79222,S433855
(01)CA326773284192(17)271231(10)L94490(21)S390625,GS1,CA326773284192,L94490,S390625
(01)ZL642773246140(17)271231(10)L63934(21)S935780,GS1,ZL642773246140,L63934,S935780
(01)PD875938467223(17)271231(10)L64239(21)S219539,HIBCC,PD875938467223,L64239,S219539
(01)WX418127917635(17)271231(10)L28836(21)S152873,HIBCC,WX418127917635,L28836,S152873
(01)FZ879072910437(17)271231(10)L44256(21)S872123,ICCBBA,FZ879072910437,L44256,S872123
(01)YA565233420292(17)271231(10)L51295(21)S248519,ICCBBA,YA565233420292,L51295,S248519
(01)BY716729712057(17)271231(10)L16754(21)S571157,HIBCC,BY716729712057,L16754,S571157
(01)ME727293128370(17)271231(10)L47341(21)S242578,ICCBBA,ME727293128370,L47341,S242578
(01)JC252481822250(17)271231(10)L65354(21)S901869,GS1,JC252481822250,L65354,S901869
(01)TC741465926161(17)271231(10)L82804(21)S419480,GS1,TC741465926161,L82804,S419480
(01)XB300113622185(17)271231(10)L70980(21)S772761,GS1,XB300113622185,L70980,S772761
(01)RM902316687422(17)271231(10)L75544(21)S792266,ICCBBA,RM902316687422,L75544,S792266
(01)XP534274522132(17)271231(10)L48551(21)S990282,GS1,XP534274522132,L48551,S990282
(01)KK613635246281(17)271231(10)L40474(21)S189365,ICCBBA,KK613635246281,L40474,S189365
(01)MG717187319814(17)271231(10)L30799(21)S893117,GS1,MG717187319814,L30799,S893117
